{"textures":{"0":"modelengine:entity/phoenix_flame"},"elements":[{"from":[6.0,6.98899,4.458556],"to":[10.0,10.988991,8.458556],"rotation":{"angle":0.0,"axis":"y","origin":[-4.690345,6.009504,21.618343]},"faces":{"east":{"uv":[7.0,4.125,7.4375,4.5625],"rotation":0,"texture":"#0","tintindex":0},"south":{"uv":[7.0,4.625,7.4375,5.0625],"rotation":0,"texture":"#0","tintindex":0},"north":{"uv":[0.5,6.875,0.9375,7.3125],"rotation":0,"texture":"#0","tintindex":0},"west":{"uv":[7.0,5.125,7.4375,5.5625],"rotation":0,"texture":"#0","tintindex":0},"up":{"uv":[1.4375,7.5,1.0,7.0625],"rotation":0,"texture":"#0","tintindex":0},"down":{"uv":[1.9375,7.0625,1.5,7.5],"rotation":0,"texture":"#0","tintindex":0}}},{"from":[7.142857,7.5604186,1.6014128],"to":[8.857143,9.846133,4.458556],"rotation":{"angle":0.0,"axis":"y","origin":[-4.690345,6.009504,22.7612]},"faces":{"east":{"uv":[0.625,7.375,0.9375,7.625],"rotation":0,"texture":"#0","tintindex":0},"south":{"uv":[6.5,5.75,6.6875,6.0],"rotation":0,"texture":"#0","tintindex":0},"north":{"uv":[1.25,6.1875,1.4375,6.4375],"rotation":0,"texture":"#0","tintindex":0},"west":{"uv":[2.8125,7.375,3.125,7.625],"rotation":0,"texture":"#0","tintindex":0},"up":{"uv":[4.375,5.75,4.1875,5.4375],"rotation":0,"texture":"#0","tintindex":0},"down":{"uv":[7.625,1.9375,7.4375,2.25],"rotation":0,"texture":"#0","tintindex":0}}},{"from":[7.428571,-1.5122805,2.0471678],"to":[8.571428,0.7734332,3.1900253],"rotation":{"angle":22.5,"axis":"x","origin":[-4.97606,6.009504,22.7612]},"faces":{"east":{"uv":[7.6875,4.875,7.8125,5.125],"rotation":0,"texture":"#0","tintindex":0},"south":{"uv":[7.6875,7.0,7.8125,7.25],"rotation":0,"texture":"#0","tintindex":0},"north":{"uv":[3.0,7.6875,3.125,7.9375],"rotation":0,"texture":"#0","tintindex":0},"west":{"uv":[7.6875,7.3125,7.8125,7.5625],"rotation":0,"texture":"#0","tintindex":0},"up":{"uv":[5.4375,7.3125,5.3125,7.1875],"rotation":0,"texture":"#0","tintindex":0},"down":{"uv":[5.9375,7.75,5.8125,7.875],"rotation":0,"texture":"#0","tintindex":0}}},{"from":[7.142857,6.98899,1.6014128],"to":[8.857143,7.5604186,4.458556],"rotation":{"angle":0.0,"axis":"y","origin":[-4.690345,6.009504,22.7612]},"faces":{"east":{"uv":[5.4375,1.5,5.75,1.5625],"rotation":0,"texture":"#0","tintindex":0},"south":{"uv":[7.5,3.25,7.6875,3.3125],"rotation":0,"texture":"#0","tintindex":0},"north":{"uv":[7.0,5.625,7.1875,5.6875],"rotation":0,"texture":"#0","tintindex":0},"west":{"uv":[7.6875,2.1875,8.0,2.25],"rotation":0,"texture":"#0","tintindex":0},"up":{"uv":[4.9375,7.75,4.75,7.4375],"rotation":0,"texture":"#0","tintindex":0},"down":{"uv":[5.1875,7.4375,5.0,7.75],"rotation":0,"texture":"#0","tintindex":0}}},{"from":[8.0,10.988991,4.601413],"to":[8.0,15.560419,11.458556],"rotation":{"angle":0.0,"axis":"y","origin":[-4.97606,5.438075,21.7612]},"faces":{"east":{"uv":[2.8125,6.5,2.0625,7.0],"rotation":0,"texture":"#0","tintindex":0},"south":{"uv":[7.625,7.75,7.625,8.25],"rotation":0,"texture":"#0","tintindex":0},"north":{"uv":[1.3125,7.75,1.3125,8.25],"rotation":0,"texture":"#0","tintindex":0},"west":{"uv":[2.0625,6.5,2.8125,7.0],"rotation":0,"texture":"#0","tintindex":0},"up":{"uv":[5.75,8.5625,5.75,7.8125],"rotation":0,"texture":"#0","tintindex":0},"down":{"uv":[7.9375,1.1875,7.9375,1.9375],"rotation":0,"texture":"#0","tintindex":0}}},{"from":[0.15025616,7.1318474,5.3690486],"to":[0.15025616,12.846133,11.083335],"rotation":{"angle":-22.5,"axis":"y","origin":[-4.690874,4.438075,21.760983]},"faces":{"east":{"uv":[1.1875,6.1875,0.5625,6.8125],"rotation":0,"texture":"#0","tintindex":0},"south":{"uv":[1.4375,7.9375,1.4375,8.5625],"rotation":0,"texture":"#0","tintindex":0},"north":{"uv":[1.375,7.9375,1.375,8.5625],"rotation":0,"texture":"#0","tintindex":0},"west":{"uv":[0.5625,6.1875,1.1875,6.8125],"rotation":0,"texture":"#0","tintindex":0},"up":{"uv":[1.5,8.5625,1.5,7.9375],"rotation":0,"texture":"#0","tintindex":0},"down":{"uv":[1.5625,7.9375,1.5625,8.5625],"rotation":0,"texture":"#0","tintindex":0}}},{"from":[-0.6030159,6.98899,3.4750295],"to":[-0.6030159,11.560419,8.617887],"rotation":{"angle":-22.5,"axis":"y","origin":[-4.97606,6.009504,21.618343]},"faces":{"east":{"uv":[4.0625,6.5,3.5,7.0],"rotation":0,"texture":"#0","tintindex":0},"south":{"uv":[1.6875,7.9375,1.6875,8.4375],"rotation":0,"texture":"#0","tintindex":0},"north":{"uv":[1.625,7.9375,1.625,8.4375],"rotation":0,"texture":"#0","tintindex":0},"west":{"uv":[3.5,6.5,4.0625,7.0],"rotation":0,"texture":"#0","tintindex":0},"up":{"uv":[2.75,8.5,2.75,7.9375],"rotation":0,"texture":"#0","tintindex":0},"down":{"uv":[2.8125,7.9375,2.8125,8.5],"rotation":0,"texture":"#0","tintindex":0}}},{"from":[-1.6976604,10.988991,1.7278228],"to":[-1.6976604,14.4175625,6.2992516],"rotation":{"angle":-22.5,"axis":"y","origin":[-4.7129908,5.438075,22.442566]},"faces":{"east":{"uv":[4.6875,7.0625,4.1875,7.4375],"rotation":0,"texture":"#0","tintindex":0},"south":{"uv":[0.25,8.0,0.25,8.375],"rotation":0,"texture":"#0","tintindex":0},"north":{"uv":[7.8125,7.9375,7.8125,8.3125],"rotation":0,"texture":"#0","tintindex":0},"west":{"uv":[4.1875,7.0625,4.6875,7.4375],"rotation":0,"texture":"#0","tintindex":0},"up":{"uv":[0.3125,8.5,0.3125,8.0],"rotation":0,"texture":"#0","tintindex":0},"down":{"uv":[0.375,8.0,0.375,8.5],"rotation":0,"texture":"#0","tintindex":0}}},{"from":[15.849744,7.1318474,5.3690486],"to":[15.849744,12.846133,11.083335],"rotation":{"angle":22.5,"axis":"y","origin":[20.690874,4.438075,21.760983]},"faces":{"east":{"uv":[1.1875,6.1875,0.5625,6.8125],"rotation":0,"texture":"#0","tintindex":0},"south":{"uv":[1.4375,7.9375,1.4375,8.5625],"rotation":0,"texture":"#0","tintindex":0},"north":{"uv":[1.375,7.9375,1.375,8.5625],"rotation":0,"texture":"#0","tintindex":0},"west":{"uv":[0.5625,6.1875,1.1875,6.8125],"rotation":0,"texture":"#0","tintindex":0},"up":{"uv":[1.5,8.5625,1.5,7.9375],"rotation":0,"texture":"#0","tintindex":0},"down":{"uv":[1.5625,7.9375,1.5625,8.5625],"rotation":0,"texture":"#0","tintindex":0}}},{"from":[17.69766,10.988991,1.7278228],"to":[17.69766,14.4175625,6.2992516],"rotation":{"angle":22.5,"axis":"y","origin":[20.71299,5.438075,22.442566]},"faces":{"east":{"uv":[4.6875,7.0625,4.1875,7.4375],"rotation":0,"texture":"#0","tintindex":0},"south":{"uv":[0.25,8.0,0.25,8.375],"rotation":0,"texture":"#0","tintindex":0},"north":{"uv":[7.8125,7.9375,7.8125,8.3125],"rotation":0,"texture":"#0","tintindex":0},"west":{"uv":[4.1875,7.0625,4.6875,7.4375],"rotation":0,"texture":"#0","tintindex":0},"up":{"uv":[0.3125,8.5,0.3125,8.0],"rotation":0,"texture":"#0","tintindex":0},"down":{"uv":[0.375,8.0,0.375,8.5],"rotation":0,"texture":"#0","tintindex":0}}},{"from":[16.603016,6.98899,3.4750295],"to":[16.603016,11.560419,8.617887],"rotation":{"angle":22.5,"axis":"y","origin":[20.976059,6.009504,21.618343]},"faces":{"east":{"uv":[4.0625,6.5,3.5,7.0],"rotation":0,"texture":"#0","tintindex":0},"south":{"uv":[1.6875,7.9375,1.6875,8.4375],"rotation":0,"texture":"#0","tintindex":0},"north":{"uv":[1.625,7.9375,1.625,8.4375],"rotation":0,"texture":"#0","tintindex":0},"west":{"uv":[3.5,6.5,4.0625,7.0],"rotation":0,"texture":"#0","tintindex":0},"up":{"uv":[2.75,8.5,2.75,7.9375],"rotation":0,"texture":"#0","tintindex":0},"down":{"uv":[2.8125,7.9375,2.8125,8.5],"rotation":0,"texture":"#0","tintindex":0}}}],"display":{"head":{"translation":[0.0,-6.4,0.0],"scale":[4.0,4.0,4.0]}}}