{"textures":{"0":"modelengine:entity/phoenix_flame"},"elements":[{"from":[3.0995378,7.635714,4.961004],"to":[13.385252,8.207143,6.6752896],"rotation":{"angle":22.5,"axis":"y","origin":[13.197289,6.717143,17.974258]},"faces":{"east":{"uv":[2.0,7.8125,2.1875,7.9375],"rotation":0,"texture":"#0","tintindex":0},"south":{"uv":[7.1875,0.5625,8.3125,0.6875],"rotation":0,"texture":"#0","tintindex":0},"north":{"uv":[7.1875,0.375,8.3125,0.5],"rotation":0,"texture":"#0","tintindex":0},"west":{"uv":[2.25,7.8125,2.4375,7.9375],"rotation":0,"texture":"#0","tintindex":0},"up":{"uv":[7.125,7.0,6.0,6.8125],"rotation":0,"texture":"#0","tintindex":0},"down":{"uv":[7.125,6.8125,6.0,7.0],"rotation":0,"texture":"#0","tintindex":0}}},{"from":[-3.7232885,7.6214285,2.087337],"to":[8.848141,8.235714,3.8016224],"rotation":{"angle":45.0,"axis":"y","origin":[13.197289,6.7028575,17.974258]},"faces":{"east":{"uv":[2.5,7.8125,2.6875,7.9375],"rotation":0,"texture":"#0","tintindex":0},"south":{"uv":[6.8125,6.625,8.1875,6.75],"rotation":0,"texture":"#0","tintindex":0},"north":{"uv":[6.8125,2.75,8.1875,2.875],"rotation":0,"texture":"#0","tintindex":0},"west":{"uv":[3.1875,7.8125,3.375,7.9375],"rotation":0,"texture":"#0","tintindex":0},"up":{"uv":[7.625,1.1875,6.25,1.0],"rotation":0,"texture":"#0","tintindex":0},"down":{"uv":[7.625,1.0,6.25,1.1875],"rotation":0,"texture":"#0","tintindex":0}}},{"from":[-11.388697,8.192857,5.714285],"to":[8.039875,8.192857,32.0],"rotation":{"angle":0.0,"axis":"y","origin":[13.197289,6.7028575,17.974258]},"faces":{"east":{"uv":[8.0,2.0,10.875,2.0],"rotation":0,"texture":"#0","tintindex":0},"south":{"uv":[8.0,2.0625,10.125,2.0625],"rotation":0,"texture":"#0","tintindex":0},"north":{"uv":[8.0,1.9375,10.125,1.9375],"rotation":0,"texture":"#0","tintindex":0},"west":{"uv":[8.0,2.5,10.875,2.5],"rotation":0,"texture":"#0","tintindex":0},"up":{"uv":[2.125,2.875,0.0,0.0],"rotation":0,"texture":"#0","tintindex":0},"down":{"uv":[2.125,0.0,0.0,2.875],"rotation":0,"texture":"#0","tintindex":0}}}],"display":{"head":{"translation":[0.0,-6.4,4.086952],"scale":[4.0,4.0,4.0]}}}