{"textures":{"0":"modelengine:entity/phoenix_flame"},"elements":[{"from":[-5.0285816,7.5885715,7.6378026],"to":[5.2571325,8.202857,9.352088],"rotation":{"angle":-45.0,"axis":"y","origin":[6.922168,6.67,12.791415]},"faces":{"east":{"uv":[0.25,7.8125,0.4375,7.9375],"rotation":0,"texture":"#0","tintindex":0},"south":{"uv":[7.1875,0.1875,8.3125,0.3125],"rotation":0,"texture":"#0","tintindex":0},"north":{"uv":[7.1875,0.0,8.3125,0.125],"rotation":0,"texture":"#0","tintindex":0},"west":{"uv":[1.75,7.8125,1.9375,7.9375],"rotation":0,"texture":"#0","tintindex":0},"up":{"uv":[7.875,3.5625,6.75,3.375],"rotation":0,"texture":"#0","tintindex":0},"down":{"uv":[7.875,3.375,6.75,3.5625],"rotation":0,"texture":"#0","tintindex":0}}},{"from":[1.7647533,8.16,1.10287],"to":[8.0504675,8.16,26.817158],"rotation":{"angle":0.0,"axis":"y","origin":[6.922168,6.67,12.791415]},"faces":{"east":{"uv":[8.0,1.75,10.8125,1.75],"rotation":0,"texture":"#0","tintindex":0},"south":{"uv":[8.0,1.8125,8.6875,1.8125],"rotation":0,"texture":"#0","tintindex":0},"north":{"uv":[1.75,8.0,2.4375,8.0],"rotation":0,"texture":"#0","tintindex":0},"west":{"uv":[8.0,1.875,10.8125,1.875],"rotation":0,"texture":"#0","tintindex":0},"up":{"uv":[2.8125,5.75,2.125,2.9375],"rotation":0,"texture":"#0","tintindex":0},"down":{"uv":[2.8125,2.9375,2.125,5.75],"rotation":0,"texture":"#0","tintindex":0}}}],"display":{"head":{"translation":[0.0,-6.4,0.0],"scale":[4.0,4.0,4.0]}}}