{"textures":{"0":"modelengine:entity/phoenix_flame"},"elements":[{"from":[5.428571,2.1150427,2.7192307],"to":[10.571428,8.400757,9.576373],"rotation":{"angle":22.5,"axis":"x","origin":[-4.690345,9.6915045,15.657275]},"faces":{"east":{"uv":[5.4375,0.0,6.1875,0.6875],"rotation":0,"texture":"#0","tintindex":0},"south":{"uv":[6.1875,6.0625,6.75,6.75],"rotation":0,"texture":"#0","tintindex":0},"north":{"uv":[6.1875,2.1875,6.75,2.875],"rotation":0,"texture":"#0","tintindex":0},"west":{"uv":[5.4375,0.75,6.1875,1.4375],"rotation":0,"texture":"#0","tintindex":0},"up":{"uv":[6.4375,5.125,5.875,4.375],"rotation":0,"texture":"#0","tintindex":0},"down":{"uv":[5.4375,6.0,4.875,6.75],"rotation":0,"texture":"#0","tintindex":0}}},{"from":[4.0,-2.259409,6.6034665],"to":[12.0,-2.259409,12.317753],"rotation":{"angle":45.0,"axis":"x","origin":[-4.97606,9.6915045,15.657275]},"faces":{"east":{"uv":[7.75,3.3125,8.375,3.3125],"rotation":0,"texture":"#0","tintindex":0},"south":{"uv":[7.8125,6.0,8.6875,6.0],"rotation":0,"texture":"#0","tintindex":0},"north":{"uv":[7.4375,2.4375,8.3125,2.4375],"rotation":0,"texture":"#0","tintindex":0},"west":{"uv":[7.875,5.5625,8.5,5.5625],"rotation":0,"texture":"#0","tintindex":0},"up":{"uv":[6.125,2.9375,5.25,2.3125],"rotation":0,"texture":"#0","tintindex":0},"down":{"uv":[6.125,2.3125,5.25,2.9375],"rotation":0,"texture":"#0","tintindex":0}}}],"display":{"head":{"translation":[0.0,-6.4,0.0],"scale":[4.0,4.0,4.0]}}}