{"textures":{"0":"modelengine:entity/phoenix_flame"},"elements":[{"from":[2.6147475,7.635714,4.961004],"to":[12.900462,8.207143,6.6752896],"rotation":{"angle":-22.5,"axis":"y","origin":[2.8027105,6.717143,17.974258]},"faces":{"east":{"uv":[2.4375,7.8125,2.25,7.9375],"rotation":0,"texture":"#0","tintindex":0},"south":{"uv":[8.3125,0.5625,7.1875,0.6875],"rotation":0,"texture":"#0","tintindex":0},"north":{"uv":[8.3125,0.375,7.1875,0.5],"rotation":0,"texture":"#0","tintindex":0},"west":{"uv":[2.1875,7.8125,2.0,7.9375],"rotation":0,"texture":"#0","tintindex":0},"up":{"uv":[6.0,7.0,7.125,6.8125],"rotation":0,"texture":"#0","tintindex":0},"down":{"uv":[6.0,6.8125,7.125,7.0],"rotation":0,"texture":"#0","tintindex":0}}},{"from":[7.1518598,7.6214285,2.087337],"to":[19.72329,8.235714,3.8016224],"rotation":{"angle":-45.0,"axis":"y","origin":[2.8027105,6.7028575,17.974258]},"faces":{"east":{"uv":[3.375,7.8125,3.1875,7.9375],"rotation":0,"texture":"#0","tintindex":0},"south":{"uv":[8.1875,6.625,6.8125,6.75],"rotation":0,"texture":"#0","tintindex":0},"north":{"uv":[8.1875,2.75,6.8125,2.875],"rotation":0,"texture":"#0","tintindex":0},"west":{"uv":[2.6875,7.8125,2.5,7.9375],"rotation":0,"texture":"#0","tintindex":0},"up":{"uv":[6.25,1.1875,7.625,1.0],"rotation":0,"texture":"#0","tintindex":0},"down":{"uv":[6.25,1.0,7.625,1.1875],"rotation":0,"texture":"#0","tintindex":0}}},{"from":[7.9601254,8.192857,5.714285],"to":[27.388697,8.192857,32.0],"rotation":{"angle":0.0,"axis":"y","origin":[2.8027105,6.7028575,17.974258]},"faces":{"east":{"uv":[10.875,2.5,8.0,2.5],"rotation":0,"texture":"#0","tintindex":0},"south":{"uv":[10.125,2.0625,8.0,2.0625],"rotation":0,"texture":"#0","tintindex":0},"north":{"uv":[10.125,1.9375,8.0,1.9375],"rotation":0,"texture":"#0","tintindex":0},"west":{"uv":[10.875,2.0,8.0,2.0],"rotation":0,"texture":"#0","tintindex":0},"up":{"uv":[0.0,2.875,2.125,0.0],"rotation":0,"texture":"#0","tintindex":0},"down":{"uv":[0.0,0.0,2.125,2.875],"rotation":0,"texture":"#0","tintindex":0}}}],"display":{"head":{"translation":[0.0,-6.4,4.086952],"scale":[4.0,4.0,4.0]}}}