{"textures":{"0":"modelengine:entity/phoenix_flame"},"elements":[{"from":[7.428571,5.6605825,6.4484515],"to":[8.571428,8.517726,7.5913086],"rotation":{"angle":-22.5,"axis":"x","origin":[17.976059,10.808972,8.370732]},"faces":{"east":{"uv":[4.3125,7.5,4.1875,7.8125],"rotation":0,"texture":"#0","tintindex":0},"south":{"uv":[7.625,4.125,7.5,4.4375],"rotation":0,"texture":"#0","tintindex":0},"north":{"uv":[5.4375,6.8125,5.3125,7.125],"rotation":0,"texture":"#0","tintindex":0},"west":{"uv":[5.9375,7.375,5.8125,7.6875],"rotation":0,"texture":"#0","tintindex":0},"up":{"uv":[5.0,7.9375,5.125,7.8125],"rotation":0,"texture":"#0","tintindex":0},"down":{"uv":[5.1875,7.8125,5.3125,7.9375],"rotation":0,"texture":"#0","tintindex":0}}}],"display":{"head":{"translation":[0.0,-6.4,0.0],"scale":[4.0,4.0,4.0]}}}