{"textures":{"0":"modelengine:entity/phoenix_flame"},"elements":[{"from":[5.184562,7.595918,11.601437],"to":[14.898848,8.167347,13.3157215],"rotation":{"angle":-22.5,"axis":"y","origin":[17.43919,6.677347,16.170187]},"faces":{"east":{"uv":[7.5625,7.75,7.375,7.875],"rotation":0,"texture":"#0","tintindex":0},"south":{"uv":[8.25,6.8125,7.1875,6.9375],"rotation":0,"texture":"#0","tintindex":0},"north":{"uv":[8.25,0.75,7.1875,0.875],"rotation":0,"texture":"#0","tintindex":0},"west":{"uv":[7.9375,3.125,7.75,3.25],"rotation":0,"texture":"#0","tintindex":0},"up":{"uv":[7.0,3.8125,8.0625,3.625],"rotation":0,"texture":"#0","tintindex":0},"down":{"uv":[7.0,3.625,8.0625,3.8125],"rotation":0,"texture":"#0","tintindex":0}}},{"from":[7.168033,8.153061,6.767356],"to":[16.31089,8.153061,30.195929],"rotation":{"angle":0.0,"axis":"y","origin":[17.43919,6.6630616,16.170187]},"faces":{"east":{"uv":[10.5625,1.6875,8.0,1.6875],"rotation":0,"texture":"#0","tintindex":0},"south":{"uv":[9.0,1.625,8.0,1.625],"rotation":0,"texture":"#0","tintindex":0},"north":{"uv":[9.0,1.5,8.0,1.5],"rotation":0,"texture":"#0","tintindex":0},"west":{"uv":[10.5625,1.5625,8.0,1.5625],"rotation":0,"texture":"#0","tintindex":0},"up":{"uv":[0.0,5.5,1.0,2.9375],"rotation":0,"texture":"#0","tintindex":0},"down":{"uv":[0.0,2.9375,1.0,5.5],"rotation":0,"texture":"#0","tintindex":0}}}],"display":{"head":{"translation":[0.0,-6.4,0.0],"scale":[4.0,4.0,4.0]}}}