{"textures":{"0":"modelengine:entity/phoenix_flame"},"elements":[{"from":[7.142857,8.03543,3.0757647],"to":[8.857143,9.1782875,4.7900505],"rotation":{"angle":-45.0,"axis":"x","origin":[17.976059,13.0128,7.469172]},"faces":{"east":{"uv":[7.9375,2.9375,7.75,3.0625],"rotation":0,"texture":"#0","tintindex":0},"south":{"uv":[1.25,7.75,1.0625,7.875],"rotation":0,"texture":"#0","tintindex":0},"north":{"uv":[1.1875,6.875,1.0,7.0],"rotation":0,"texture":"#0","tintindex":0},"west":{"uv":[7.75,5.875,7.5625,6.0],"rotation":0,"texture":"#0","tintindex":0},"up":{"uv":[6.625,7.75,6.8125,7.5625],"rotation":0,"texture":"#0","tintindex":0},"down":{"uv":[6.875,7.5625,7.0625,7.75],"rotation":0,"texture":"#0","tintindex":0}}},{"from":[7.714286,7.135608,8.596381],"to":[8.285714,7.707037,9.739239],"rotation":{"angle":0.0,"axis":"y","origin":[17.976059,13.0128,7.469172]},"faces":{"east":{"uv":[3.5625,7.375,3.4375,7.4375],"rotation":0,"texture":"#0","tintindex":0},"south":{"uv":[7.9375,5.1875,7.875,5.25],"rotation":0,"texture":"#0","tintindex":0},"north":{"uv":[4.8125,7.3125,4.75,7.375],"rotation":0,"texture":"#0","tintindex":0},"west":{"uv":[0.4375,7.25,0.3125,7.3125],"rotation":0,"texture":"#0","tintindex":0},"up":{"uv":[4.875,5.9375,4.9375,5.8125],"rotation":0,"texture":"#0","tintindex":0},"down":{"uv":[7.375,7.5625,7.4375,7.6875],"rotation":0,"texture":"#0","tintindex":0}}},{"from":[8.0,7.135608,9.739239],"to":[8.0,7.707037,10.310667],"rotation":{"angle":0.0,"axis":"y","origin":[17.976059,13.0128,7.469172]},"faces":{"east":{"uv":[7.9375,7.625,7.875,7.6875],"rotation":0,"texture":"#0","tintindex":0},"south":{"uv":[2.875,7.9375,2.875,8.0],"rotation":0,"texture":"#0","tintindex":0},"north":{"uv":[7.9375,2.0,7.9375,2.0625],"rotation":0,"texture":"#0","tintindex":0},"west":{"uv":[7.9375,7.5,7.875,7.5625],"rotation":0,"texture":"#0","tintindex":0},"up":{"uv":[2.9375,8.0,2.9375,7.9375],"rotation":0,"texture":"#0","tintindex":0},"down":{"uv":[7.9375,3.375,7.9375,3.4375],"rotation":0,"texture":"#0","tintindex":0}}},{"from":[7.1571426,5.906206,9.814949],"to":[8.842857,7.6204925,10.386377],"rotation":{"angle":22.5,"axis":"x","origin":[17.976059,13.0128,7.469172]},"faces":{"east":{"uv":[0.5625,7.8125,0.5,8.0],"rotation":0,"texture":"#0","tintindex":0},"south":{"uv":[0.1875,7.6875,0.0,7.875],"rotation":0,"texture":"#0","tintindex":0},"north":{"uv":[7.3125,7.5625,7.125,7.75],"rotation":0,"texture":"#0","tintindex":0},"west":{"uv":[4.8125,7.0625,4.75,7.25],"rotation":0,"texture":"#0","tintindex":0},"up":{"uv":[6.375,7.875,6.5625,7.8125],"rotation":0,"texture":"#0","tintindex":0},"down":{"uv":[6.625,7.8125,6.8125,7.875],"rotation":0,"texture":"#0","tintindex":0}}},{"from":[8.842857,5.334778,9.814949],"to":[8.842857,5.906206,10.386377],"rotation":{"angle":22.5,"axis":"x","origin":[17.976059,13.0128,7.469172]},"faces":{"east":{"uv":[7.9375,5.4375,7.875,5.5],"rotation":0,"texture":"#0","tintindex":0},"south":{"uv":[6.125,2.1875,6.125,2.25],"rotation":0,"texture":"#0","tintindex":0},"north":{"uv":[5.1875,2.3125,5.1875,2.375],"rotation":0,"texture":"#0","tintindex":0},"west":{"uv":[7.9375,5.3125,7.875,5.375],"rotation":0,"texture":"#0","tintindex":0},"up":{"uv":[4.125,6.5625,4.125,6.5],"rotation":0,"texture":"#0","tintindex":0},"down":{"uv":[0.5,6.625,0.5,6.6875],"rotation":0,"texture":"#0","tintindex":0}}},{"from":[8.0,5.334778,9.814949],"to":[8.0,5.906206,10.386377],"rotation":{"angle":22.5,"axis":"x","origin":[17.976059,13.0128,7.469172]},"faces":{"east":{"uv":[7.9375,7.375,7.875,7.4375],"rotation":0,"texture":"#0","tintindex":0},"south":{"uv":[5.25,7.5625,5.25,7.625],"rotation":0,"texture":"#0","tintindex":0},"north":{"uv":[2.75,7.5625,2.75,7.625],"rotation":0,"texture":"#0","tintindex":0},"west":{"uv":[7.9375,7.25,7.875,7.3125],"rotation":0,"texture":"#0","tintindex":0},"up":{"uv":[0.25,7.75,0.25,7.6875],"rotation":0,"texture":"#0","tintindex":0},"down":{"uv":[5.25,7.6875,5.25,7.75],"rotation":0,"texture":"#0","tintindex":0}}},{"from":[7.1571426,5.334778,9.814949],"to":[7.1571426,5.906206,10.386377],"rotation":{"angle":22.5,"axis":"x","origin":[17.976059,13.0128,7.469172]},"faces":{"east":{"uv":[7.9375,7.125,7.875,7.1875],"rotation":0,"texture":"#0","tintindex":0},"south":{"uv":[6.75,5.75,6.75,5.8125],"rotation":0,"texture":"#0","tintindex":0},"north":{"uv":[0.5,6.75,0.5,6.8125],"rotation":0,"texture":"#0","tintindex":0},"west":{"uv":[7.9375,7.0,7.875,7.0625],"rotation":0,"texture":"#0","tintindex":0},"up":{"uv":[6.75,5.9375,6.75,5.875],"rotation":0,"texture":"#0","tintindex":0},"down":{"uv":[5.25,7.4375,5.25,7.5],"rotation":0,"texture":"#0","tintindex":0}}}],"display":{"head":{"translation":[0.0,-6.4,0.0],"scale":[4.0,4.0,4.0]}}}