{"textures":{"0":"modelengine:entity/phoenix_flame"},"elements":[{"from":[7.142857,6.7483673,8.529078],"to":[8.857143,7.3197956,14.814792],"rotation":{"angle":-22.5,"axis":"x","origin":[21.261774,6.0109425,5.538373]},"faces":{"east":{"uv":[8.125,2.3125,7.4375,2.375],"rotation":0,"texture":"#0","tintindex":0},"south":{"uv":[6.0,1.5,5.8125,1.5625],"rotation":0,"texture":"#0","tintindex":0},"north":{"uv":[5.8125,4.375,5.5625,4.4375],"rotation":0,"texture":"#0","tintindex":0},"west":{"uv":[7.9375,6.25,7.25,6.3125],"rotation":0,"texture":"#0","tintindex":0},"up":{"uv":[6.0,7.75,6.1875,7.0625],"rotation":0,"texture":"#0","tintindex":0},"down":{"uv":[6.0,7.0625,6.1875,7.75],"rotation":0,"texture":"#0","tintindex":0}}},{"from":[8.0,5.6055098,8.529078],"to":[8.0,9.034081,14.814792],"rotation":{"angle":-22.5,"axis":"x","origin":[20.976059,6.0109425,5.538373]},"faces":{"east":{"uv":[7.4375,2.9375,6.75,3.3125],"rotation":0,"texture":"#0","tintindex":0},"south":{"uv":[6.8125,7.9375,6.8125,8.3125],"rotation":0,"texture":"#0","tintindex":0},"north":{"uv":[6.75,7.9375,6.75,8.3125],"rotation":0,"texture":"#0","tintindex":0},"west":{"uv":[6.75,2.9375,7.4375,3.3125],"rotation":0,"texture":"#0","tintindex":0},"up":{"uv":[7.125,8.625,7.125,7.9375],"rotation":0,"texture":"#0","tintindex":0},"down":{"uv":[7.1875,7.9375,7.1875,8.625],"rotation":0,"texture":"#0","tintindex":0}}}],"display":{"head":{"translation":[0.0,-6.4,0.0],"scale":[4.0,4.0,4.0]}}}