{"textures":{"0":"modelengine:entity/phoenix_flame"},"elements":[{"from":[5.142857,6.459442,4.153884],"to":[10.857143,12.173729,11.011027],"rotation":{"angle":0.0,"axis":"y","origin":[-4.97606,9.255157,8.179225]},"faces":{"east":{"uv":[1.5,5.8125,2.25,6.4375],"rotation":0,"texture":"#0","tintindex":0},"south":{"uv":[5.5,6.0625,6.125,6.6875],"rotation":0,"texture":"#0","tintindex":0},"north":{"uv":[6.0625,3.0,6.6875,3.625],"rotation":0,"texture":"#0","tintindex":0},"west":{"uv":[2.3125,5.8125,3.0625,6.4375],"rotation":0,"texture":"#0","tintindex":0},"up":{"uv":[4.8125,6.5625,4.1875,5.8125],"rotation":0,"texture":"#0","tintindex":0},"down":{"uv":[6.4375,5.25,5.8125,6.0],"rotation":0,"texture":"#0","tintindex":0}}},{"from":[4.0,14.649435,2.044063],"to":[5.142857,15.792292,4.901206],"rotation":{"angle":-22.5,"axis":"x","origin":[-4.97606,9.255157,8.179225]},"faces":{"east":{"uv":[7.5,5.4375,7.8125,5.5625],"rotation":0,"texture":"#0","tintindex":0},"south":{"uv":[6.1875,7.8125,6.3125,7.9375],"rotation":0,"texture":"#0","tintindex":0},"north":{"uv":[6.0,7.8125,6.125,7.9375],"rotation":0,"texture":"#0","tintindex":0},"west":{"uv":[1.0,7.5625,1.3125,7.6875],"rotation":0,"texture":"#0","tintindex":0},"up":{"uv":[1.5,7.875,1.375,7.5625],"rotation":0,"texture":"#0","tintindex":0},"down":{"uv":[1.6875,7.5625,1.5625,7.875],"rotation":0,"texture":"#0","tintindex":0}}},{"from":[4.5714283,7.792291,-1.3845081],"to":[11.428572,14.078006,6.0440636],"rotation":{"angle":-22.5,"axis":"x","origin":[-4.97606,9.255157,8.179225]},"faces":{"east":{"uv":[4.6875,3.75,5.5,4.4375],"rotation":0,"texture":"#0","tintindex":0},"south":{"uv":[5.0,5.25,5.75,5.9375],"rotation":0,"texture":"#0","tintindex":0},"north":{"uv":[5.25,3.0,6.0,3.6875],"rotation":0,"texture":"#0","tintindex":0},"west":{"uv":[5.0,4.5,5.8125,5.1875],"rotation":0,"texture":"#0","tintindex":0},"up":{"uv":[5.125,2.4375,4.375,1.625],"rotation":0,"texture":"#0","tintindex":0},"down":{"uv":[4.375,4.5625,3.625,5.375],"rotation":0,"texture":"#0","tintindex":0}}},{"from":[0.6981349,2.5687804,-3.0875664],"to":[0.6981349,9.425923,6.055291],"rotation":{"angle":-22.5,"axis":"y","origin":[-4.97606,9.255157,8.179225]},"faces":{"east":{"uv":[4.625,3.75,3.625,4.5],"rotation":0,"texture":"#0","tintindex":0},"south":{"uv":[2.5,8.0,2.5,8.75],"rotation":0,"texture":"#0","tintindex":0},"north":{"uv":[0.4375,8.0,0.4375,8.75],"rotation":0,"texture":"#0","tintindex":0},"west":{"uv":[3.625,3.75,4.625,4.5],"rotation":0,"texture":"#0","tintindex":0},"up":{"uv":[2.5625,9.0,2.5625,8.0],"rotation":0,"texture":"#0","tintindex":0},"down":{"uv":[2.625,8.0,2.625,9.0],"rotation":0,"texture":"#0","tintindex":0}}},{"from":[15.301865,2.5687804,-3.0875664],"to":[15.301865,9.425923,6.055291],"rotation":{"angle":22.5,"axis":"y","origin":[20.976059,9.255157,8.179225]},"faces":{"east":{"uv":[4.625,3.75,3.625,4.5],"rotation":0,"texture":"#0","tintindex":0},"south":{"uv":[2.5,8.0,2.5,8.75],"rotation":0,"texture":"#0","tintindex":0},"north":{"uv":[0.4375,8.0,0.4375,8.75],"rotation":0,"texture":"#0","tintindex":0},"west":{"uv":[3.625,3.75,4.625,4.5],"rotation":0,"texture":"#0","tintindex":0},"up":{"uv":[2.5625,9.0,2.5625,8.0],"rotation":0,"texture":"#0","tintindex":0},"down":{"uv":[2.625,8.0,2.625,9.0],"rotation":0,"texture":"#0","tintindex":0}}},{"from":[4.0,10.649434,-0.24165154],"to":[12.0,14.649435,4.901206],"rotation":{"angle":-22.5,"axis":"x","origin":[-4.97606,9.255157,8.179225]},"faces":{"east":{"uv":[7.375,2.0,6.8125,2.4375],"rotation":0,"texture":"#0","tintindex":0},"south":{"uv":[6.25,0.5,7.125,0.9375],"rotation":0,"texture":"#0","tintindex":0},"north":{"uv":[6.25,0.0,7.125,0.4375],"rotation":0,"texture":"#0","tintindex":0},"west":{"uv":[6.8125,2.0,7.375,2.4375],"rotation":0,"texture":"#0","tintindex":0},"up":{"uv":[1.4375,6.125,0.5625,5.5625],"rotation":0,"texture":"#0","tintindex":0},"down":{"uv":[6.4375,3.75,5.5625,4.3125],"rotation":0,"texture":"#0","tintindex":0}}},{"from":[4.5714283,12.502329,2.0993977],"to":[11.428572,14.788044,3.2422547],"rotation":{"angle":0.0,"axis":"y","origin":[-4.97606,9.255157,8.179225]},"faces":{"east":{"uv":[7.6875,7.625,7.8125,7.875],"rotation":0,"texture":"#0","tintindex":0},"south":{"uv":[2.8125,7.0625,3.5625,7.3125],"rotation":0,"texture":"#0","tintindex":0},"north":{"uv":[2.0,7.0625,2.75,7.3125],"rotation":0,"texture":"#0","tintindex":0},"west":{"uv":[0.875,7.75,1.0,8.0],"rotation":0,"texture":"#0","tintindex":0},"up":{"uv":[8.0,6.1875,7.25,6.0625],"rotation":0,"texture":"#0","tintindex":0},"down":{"uv":[2.75,7.375,2.0,7.5],"rotation":0,"texture":"#0","tintindex":0}}},{"from":[4.5857143,9.81796,0.7794404],"to":[4.5857143,15.532246,4.779441],"rotation":{"angle":22.5,"axis":"x","origin":[-4.97606,9.255157,8.179225]},"faces":{"east":{"uv":[6.9375,5.0625,6.5,5.6875],"rotation":0,"texture":"#0","tintindex":0},"south":{"uv":[7.5625,7.9375,7.5625,8.5625],"rotation":0,"texture":"#0","tintindex":0},"north":{"uv":[7.5,7.9375,7.5,8.5625],"rotation":0,"texture":"#0","tintindex":0},"west":{"uv":[6.5,5.0625,6.9375,5.6875],"rotation":0,"texture":"#0","tintindex":0},"up":{"uv":[7.6875,8.375,7.6875,7.9375],"rotation":0,"texture":"#0","tintindex":0},"down":{"uv":[7.75,7.9375,7.75,8.375],"rotation":0,"texture":"#0","tintindex":0}}},{"from":[11.414286,9.81796,0.7794404],"to":[11.414286,15.532246,4.779441],"rotation":{"angle":22.5,"axis":"x","origin":[20.976059,9.255157,8.179225]},"faces":{"east":{"uv":[6.9375,5.0625,6.5,5.6875],"rotation":0,"texture":"#0","tintindex":0},"south":{"uv":[7.5625,7.9375,7.5625,8.5625],"rotation":0,"texture":"#0","tintindex":0},"north":{"uv":[7.5,7.9375,7.5,8.5625],"rotation":0,"texture":"#0","tintindex":0},"west":{"uv":[6.5,5.0625,6.9375,5.6875],"rotation":0,"texture":"#0","tintindex":0},"up":{"uv":[7.6875,8.375,7.6875,7.9375],"rotation":0,"texture":"#0","tintindex":0},"down":{"uv":[7.75,7.9375,7.75,8.375],"rotation":0,"texture":"#0","tintindex":0}}},{"from":[10.857143,14.649435,2.044063],"to":[12.0,15.792292,4.901206],"rotation":{"angle":-22.5,"axis":"x","origin":[-4.97606,9.255157,8.179225]},"faces":{"east":{"uv":[1.5,5.5625,1.8125,5.6875],"rotation":0,"texture":"#0","tintindex":0},"south":{"uv":[7.8125,5.8125,7.9375,5.9375],"rotation":0,"texture":"#0","tintindex":0},"north":{"uv":[7.8125,5.625,7.9375,5.75],"rotation":0,"texture":"#0","tintindex":0},"west":{"uv":[7.5,5.25,7.8125,5.375],"rotation":0,"texture":"#0","tintindex":0},"up":{"uv":[7.625,7.3125,7.5,7.0],"rotation":0,"texture":"#0","tintindex":0},"down":{"uv":[7.625,7.375,7.5,7.6875],"rotation":0,"texture":"#0","tintindex":0}}}],"display":{"head":{"translation":[0.0,-6.4,0.0],"scale":[4.0,4.0,4.0]}}}