{"textures":{"0":"modelengine:entity/stomp_shockwave"},"elements":[{"from":[-1.6600008,-16.0,3.371428],"to":[2.4285712,-7.560568,7.7685714],"rotation":{"angle":0.0,"axis":"y","origin":[3.2857141,-12.862854,8.0]},"faces":{"east":{"uv":[3.5,1.25,4.125,2.5],"rotation":0,"texture":"#0","tintindex":0},"south":{"uv":[3.5,2.5,4.125,3.75],"rotation":0,"texture":"#0","tintindex":0},"north":{"uv":[3.5,0.0,4.125,1.25],"rotation":0,"texture":"#0","tintindex":0},"west":{"uv":[3.5,3.75,4.125,5.0],"rotation":0,"texture":"#0","tintindex":0},"up":{"uv":[8.375,3.125,7.75,2.5],"rotation":0,"texture":"#0","tintindex":0},"down":{"uv":[8.375,4.125,7.75,4.75],"rotation":0,"texture":"#0","tintindex":0}}},{"from":[0.41428566,-7.581997,4.3357143],"to":[3.0714283,-2.970398,7.035714],"rotation":{"angle":22.5,"axis":"z","origin":[3.2857141,-12.862854,8.0]},"faces":{"east":{"uv":[3.75,9.375,4.125,10.0],"rotation":0,"texture":"#0","tintindex":0},"south":{"uv":[4.5,9.375,4.875,10.0],"rotation":0,"texture":"#0","tintindex":0},"north":{"uv":[3.375,9.375,3.75,10.0],"rotation":0,"texture":"#0","tintindex":0},"west":{"uv":[5.625,9.375,6.0,10.0],"rotation":0,"texture":"#0","tintindex":0},"up":{"uv":[10.375,3.875,10.0,3.5],"rotation":0,"texture":"#0","tintindex":0},"down":{"uv":[4.0,10.0,3.625,10.375],"rotation":0,"texture":"#0","tintindex":0}}},{"from":[0.0714283,-13.803997,5.492857],"to":[2.7714286,-8.157139,8.578571],"rotation":{"angle":0.0,"axis":"y","origin":[3.2857141,-12.862854,8.0]},"faces":{"east":{"uv":[2.5,7.25,3.0,8.125],"rotation":0,"texture":"#0","tintindex":0},"south":{"uv":[8.0,3.125,8.375,4.0],"rotation":0,"texture":"#0","tintindex":0},"north":{"uv":[3.0,8.0,3.375,8.875],"rotation":0,"texture":"#0","tintindex":0},"west":{"uv":[7.25,2.625,7.75,3.5],"rotation":0,"texture":"#0","tintindex":0},"up":{"uv":[10.0,9.375,9.625,8.875],"rotation":0,"texture":"#0","tintindex":0},"down":{"uv":[10.0,9.375,9.625,9.875],"rotation":0,"texture":"#0","tintindex":0}}},{"from":[1.3142858,-15.895424,2.7928567],"to":[4.3999996,-8.157139,5.8785715],"rotation":{"angle":22.5,"axis":"z","origin":[3.2857141,-12.862854,8.0]},"faces":{"east":{"uv":[6.125,1.125,6.625,2.25],"rotation":0,"texture":"#0","tintindex":0},"south":{"uv":[6.125,2.25,6.625,3.375],"rotation":0,"texture":"#0","tintindex":0},"north":{"uv":[6.125,0.0,6.625,1.125],"rotation":0,"texture":"#0","tintindex":0},"west":{"uv":[2.75,6.125,3.25,7.25],"rotation":0,"texture":"#0","tintindex":0},"up":{"uv":[9.5,6.75,9.0,6.25],"rotation":0,"texture":"#0","tintindex":0},"down":{"uv":[9.5,6.75,9.0,7.25],"rotation":0,"texture":"#0","tintindex":0}}},{"from":[19.357143,-13.634281,-0.9357147],"to":[22.057144,-9.005711,2.1499996],"rotation":{"angle":-22.5,"axis":"x","origin":[21.928572,-12.862854,1.5714283]},"faces":{"east":{"uv":[2.0,8.25,2.5,8.875],"rotation":0,"texture":"#0","tintindex":0},"south":{"uv":[6.875,9.375,7.25,10.0],"rotation":0,"texture":"#0","tintindex":0},"north":{"uv":[6.5,9.375,6.875,10.0],"rotation":0,"texture":"#0","tintindex":0},"west":{"uv":[4.875,8.25,5.375,8.875],"rotation":0,"texture":"#0","tintindex":0},"up":{"uv":[0.75,10.25,0.375,9.75],"rotation":0,"texture":"#0","tintindex":0},"down":{"uv":[10.125,0.5,9.75,1.0],"rotation":0,"texture":"#0","tintindex":0}}},{"from":[16.982857,-15.434284,-3.0571432],"to":[21.07143,-7.4628544,1.3399997],"rotation":{"angle":-22.5,"axis":"x","origin":[21.928572,-12.862854,1.5714283]},"faces":{"east":{"uv":[5.0,5.125,5.625,6.25],"rotation":0,"texture":"#0","tintindex":0},"south":{"uv":[5.375,3.375,6.0,4.5],"rotation":0,"texture":"#0","tintindex":0},"north":{"uv":[4.375,5.125,5.0,6.25],"rotation":0,"texture":"#0","tintindex":0},"west":{"uv":[5.5,0.0,6.125,1.125],"rotation":0,"texture":"#0","tintindex":0},"up":{"uv":[8.375,5.375,7.75,4.75],"rotation":0,"texture":"#0","tintindex":0},"down":{"uv":[8.375,5.375,7.75,6.0],"rotation":0,"texture":"#0","tintindex":0}}},{"from":[17.985714,-8.534283,-2.521429],"to":[20.642857,-4.754284,0.60714245],"rotation":{"angle":-22.5,"axis":"x","origin":[21.928572,-12.862854,1.5714283]},"faces":{"east":{"uv":[8.125,9.0,8.625,9.5],"rotation":0,"texture":"#0","tintindex":0},"south":{"uv":[9.75,1.0,10.125,1.5],"rotation":0,"texture":"#0","tintindex":0},"north":{"uv":[0.75,9.75,1.125,10.25],"rotation":0,"texture":"#0","tintindex":0},"west":{"uv":[8.625,9.0,9.125,9.5],"rotation":0,"texture":"#0","tintindex":0},"up":{"uv":[1.5,10.375,1.125,9.875],"rotation":0,"texture":"#0","tintindex":0},"down":{"uv":[2.5,9.875,2.125,10.375],"rotation":0,"texture":"#0","tintindex":0}}},{"from":[18.414288,-4.4628544,-1.8785725],"to":[20.214287,-2.6114254,-0.035715103],"rotation":{"angle":-22.5,"axis":"x","origin":[21.928572,-12.862854,1.5714283]},"faces":{"east":{"uv":[10.0,9.5,10.25,9.75],"rotation":0,"texture":"#0","tintindex":0},"south":{"uv":[10.125,0.5,10.375,0.75],"rotation":0,"texture":"#0","tintindex":0},"north":{"uv":[10.0,9.25,10.25,9.5],"rotation":0,"texture":"#0","tintindex":0},"west":{"uv":[10.125,0.75,10.375,1.0],"rotation":0,"texture":"#0","tintindex":0},"up":{"uv":[10.375,1.25,10.125,1.0],"rotation":0,"texture":"#0","tintindex":0},"down":{"uv":[10.375,1.25,10.125,1.5],"rotation":0,"texture":"#0","tintindex":0}}}],"display":{"head":{"translation":[0.0,-49.805733,0.0],"scale":[4.0,4.0,4.0]}}}