{"textures":{"0":"modelengine:entity/stomp_shockwave"},"elements":[{"from":[1.1257143,-16.0,19.826004],"to":[5.214286,-9.742855,24.223146],"rotation":{"angle":-22.5,"axis":"x","origin":[8.0,-15.785713,28.311718]},"faces":{"east":{"uv":[3.875,6.25,4.5,7.125],"rotation":0,"texture":"#0","tintindex":0},"south":{"uv":[6.25,4.125,6.875,5.0],"rotation":0,"texture":"#0","tintindex":0},"north":{"uv":[3.25,6.25,3.875,7.125],"rotation":0,"texture":"#0","tintindex":0},"west":{"uv":[4.5,6.25,5.125,7.125],"rotation":0,"texture":"#0","tintindex":0},"up":{"uv":[8.25,0.625,7.625,0.0],"rotation":0,"texture":"#0","tintindex":0},"down":{"uv":[8.25,0.625,7.625,1.25],"rotation":0,"texture":"#0","tintindex":0}}},{"from":[1.3571424,-11.02857,20.790289],"to":[4.442857,-6.391428,23.49029],"rotation":{"angle":-22.5,"axis":"x","origin":[8.0,-15.785713,28.311718]},"faces":{"east":{"uv":[9.25,1.5,9.625,2.125],"rotation":0,"texture":"#0","tintindex":0},"south":{"uv":[2.5,8.125,3.0,8.75],"rotation":0,"texture":"#0","tintindex":0},"north":{"uv":[3.875,8.0,4.375,8.625],"rotation":0,"texture":"#0","tintindex":0},"west":{"uv":[2.375,9.25,2.75,9.875],"rotation":0,"texture":"#0","tintindex":0},"up":{"uv":[10.0,4.0,9.5,3.625],"rotation":0,"texture":"#0","tintindex":0},"down":{"uv":[10.0,4.0,9.5,4.375],"rotation":0,"texture":"#0","tintindex":0}}},{"from":[0.19999981,-14.199999,21.947432],"to":[2.8999996,-11.285713,25.033146],"rotation":{"angle":-22.5,"axis":"x","origin":[8.0,-15.785713,28.311718]},"faces":{"east":{"uv":[9.5,4.375,10.0,4.75],"rotation":0,"texture":"#0","tintindex":0},"south":{"uv":[3.25,10.0,3.625,10.375],"rotation":0,"texture":"#0","tintindex":0},"north":{"uv":[10.0,3.125,10.375,3.5],"rotation":0,"texture":"#0","tintindex":0},"west":{"uv":[9.5,4.75,10.0,5.125],"rotation":0,"texture":"#0","tintindex":0},"up":{"uv":[0.375,10.0,0.0,9.5],"rotation":0,"texture":"#0","tintindex":0},"down":{"uv":[5.25,9.5,4.875,10.0],"rotation":0,"texture":"#0","tintindex":0}}},{"from":[-10.94286,-7.5571404,4.590288],"to":[-8.242857,-2.9285698,7.6760025],"rotation":{"angle":-22.5,"axis":"x","origin":[8.0,-15.785713,28.311718]},"faces":{"east":{"uv":[4.375,8.125,4.875,8.75],"rotation":0,"texture":"#0","tintindex":0},"south":{"uv":[6.125,9.25,6.5,9.875],"rotation":0,"texture":"#0","tintindex":0},"north":{"uv":[4.125,9.25,4.5,9.875],"rotation":0,"texture":"#0","tintindex":0},"west":{"uv":[7.875,8.125,8.375,8.75],"rotation":0,"texture":"#0","tintindex":0},"up":{"uv":[9.875,5.625,9.5,5.125],"rotation":0,"texture":"#0","tintindex":0},"down":{"uv":[5.625,9.5,5.25,10.0],"rotation":0,"texture":"#0","tintindex":0}}},{"from":[-10.514288,-3.0571404,5.01886],"to":[-8.8857155,-0.9999981,7.033146],"rotation":{"angle":-22.5,"axis":"x","origin":[8.0,-15.785713,28.311718]},"faces":{"east":{"uv":[2.5,7.0,2.75,7.25],"rotation":0,"texture":"#0","tintindex":0},"south":{"uv":[3.0,7.625,3.25,7.875],"rotation":0,"texture":"#0","tintindex":0},"north":{"uv":[5.375,4.875,5.625,5.125],"rotation":0,"texture":"#0","tintindex":0},"west":{"uv":[5.875,7.625,6.125,7.875],"rotation":0,"texture":"#0","tintindex":0},"up":{"uv":[8.0,3.375,7.75,3.125],"rotation":0,"texture":"#0","tintindex":0},"down":{"uv":[6.625,7.875,6.375,8.125],"rotation":0,"texture":"#0","tintindex":0}}},{"from":[2.8999996,-15.914284,19.247433],"to":[5.985714,-8.714285,22.333147],"rotation":{"angle":-22.5,"axis":"x","origin":[8.0,-15.785713,28.311718]},"faces":{"east":{"uv":[5.125,6.25,5.625,7.25],"rotation":0,"texture":"#0","tintindex":0},"south":{"uv":[6.25,6.0,6.75,7.0],"rotation":0,"texture":"#0","tintindex":0},"north":{"uv":[6.25,5.0,6.75,6.0],"rotation":0,"texture":"#0","tintindex":0},"west":{"uv":[6.625,0.0,7.125,1.0],"rotation":0,"texture":"#0","tintindex":0},"up":{"uv":[1.875,9.25,1.375,8.75],"rotation":0,"texture":"#0","tintindex":0},"down":{"uv":[9.25,1.75,8.75,2.25],"rotation":0,"texture":"#0","tintindex":0}}},{"from":[1.5343995,-3.6914272,-15.328857],"to":[6.2771425,3.5668592,-10.2281685],"rotation":{"angle":-22.5,"axis":"x","origin":[9.508572,-15.785713,25.603146]},"faces":{"east":{"uv":[4.125,1.0,4.875,2.0],"rotation":0,"texture":"#0","tintindex":0},"south":{"uv":[4.125,2.0,4.875,3.0],"rotation":0,"texture":"#0","tintindex":0},"north":{"uv":[4.125,0.0,4.875,1.0],"rotation":0,"texture":"#0","tintindex":0},"west":{"uv":[4.125,3.0,4.875,4.0],"rotation":0,"texture":"#0","tintindex":0},"up":{"uv":[2.75,6.625,2.0,5.875],"rotation":0,"texture":"#0","tintindex":0},"down":{"uv":[6.75,3.375,6.0,4.125],"rotation":0,"texture":"#0","tintindex":0}}},{"from":[3.5925713,-3.591999,-16.0],"to":[7.172,4.760001,-12.42057],"rotation":{"angle":-22.5,"axis":"x","origin":[9.508572,-15.785713,25.603146]},"faces":{"east":{"uv":[0.5,5.875,1.0,7.125],"rotation":0,"texture":"#0","tintindex":0},"south":{"uv":[1.0,5.875,1.5,7.125],"rotation":0,"texture":"#0","tintindex":0},"north":{"uv":[0.0,5.875,0.5,7.125],"rotation":0,"texture":"#0","tintindex":0},"west":{"uv":[1.5,5.875,2.0,7.125],"rotation":0,"texture":"#0","tintindex":0},"up":{"uv":[3.0,9.25,2.5,8.75],"rotation":0,"texture":"#0","tintindex":0},"down":{"uv":[4.625,8.75,4.125,9.25],"rotation":0,"texture":"#0","tintindex":0}}},{"from":[-2.9680004,-5.0319977,-6.2251396],"to":[0.16399956,-1.6514263,-2.645712],"rotation":{"angle":-22.5,"axis":"x","origin":[9.508572,-15.785713,25.603146]},"faces":{"east":{"uv":[8.75,7.5,9.25,8.0],"rotation":0,"texture":"#0","tintindex":0},"south":{"uv":[7.625,8.75,8.125,9.25],"rotation":0,"texture":"#0","tintindex":0},"north":{"uv":[6.125,8.75,6.625,9.25],"rotation":0,"texture":"#0","tintindex":0},"west":{"uv":[8.75,8.0,9.25,8.5],"rotation":0,"texture":"#0","tintindex":0},"up":{"uv":[9.25,9.0,8.75,8.5],"rotation":0,"texture":"#0","tintindex":0},"down":{"uv":[2.375,8.875,1.875,9.375],"rotation":0,"texture":"#0","tintindex":0}}},{"from":[1.8028569,2.07543,-14.210281],"to":[5.3822856,7.4545155,-11.078285],"rotation":{"angle":-22.5,"axis":"x","origin":[9.508572,-15.785713,25.603146]},"faces":{"east":{"uv":[5.875,7.875,6.375,8.625],"rotation":0,"texture":"#0","tintindex":0},"south":{"uv":[7.875,6.625,8.375,7.375],"rotation":0,"texture":"#0","tintindex":0},"north":{"uv":[2.0,7.5,2.5,8.25],"rotation":0,"texture":"#0","tintindex":0},"west":{"uv":[7.875,7.375,8.375,8.125],"rotation":0,"texture":"#0","tintindex":0},"up":{"uv":[5.125,9.375,4.625,8.875],"rotation":0,"texture":"#0","tintindex":0},"down":{"uv":[7.125,8.875,6.625,9.375],"rotation":0,"texture":"#0","tintindex":0}}}],"display":{"head":{"translation":[0.0,-38.114296,-81.24687],"scale":[4.0,4.0,4.0]}}}