{"textures":{"0":"modelengine:entity/kitsune"},"elements":[{"from":[4.0,8.0,5.1142855],"to":[12.0,11.428572,8.542857],"rotation":{"angle":0.0,"axis":"y","origin":[7.4357142,11.687879,10.609658]},"faces":{"east":{"uv":[7.25,2.125,8.0,2.875],"rotation":0,"texture":"#0","tintindex":0},"south":{"uv":[6.5,0.0,8.25,0.75],"rotation":0,"texture":"#0","tintindex":0},"north":{"uv":[6.25,3.0,8.0,3.75],"rotation":0,"texture":"#0","tintindex":0},"west":{"uv":[6.25,10.0,7.0,10.75],"rotation":0,"texture":"#0","tintindex":0},"up":{"uv":[7.25,7.625,5.5,6.875],"rotation":0,"texture":"#0","tintindex":0},"down":{"uv":[2.875,7.0,1.125,7.75],"rotation":0,"texture":"#0","tintindex":0}}},{"from":[4.5714283,4.5714283,2.2571425],"to":[11.428572,10.857143,7.9714284],"rotation":{"angle":0.0,"axis":"y","origin":[7.4357142,11.687879,10.609658]},"faces":{"east":{"uv":[3.25,4.125,4.5,5.5],"rotation":0,"texture":"#0","tintindex":0},"south":{"uv":[0.0,3.25,1.5,4.625],"rotation":0,"texture":"#0","tintindex":0},"north":{"uv":[1.625,2.75,3.125,4.125],"rotation":0,"texture":"#0","tintindex":0},"west":{"uv":[1.625,4.25,2.875,5.625],"rotation":0,"texture":"#0","tintindex":0},"up":{"uv":[4.75,4.0,3.25,2.75],"rotation":0,"texture":"#0","tintindex":0},"down":{"uv":[5.0,0.0,3.5,1.25],"rotation":0,"texture":"#0","tintindex":0}}},{"from":[4.5714283,2.8571424,2.2571425],"to":[4.5714283,4.5714283,5.685714],"rotation":{"angle":0.0,"axis":"y","origin":[7.4357142,11.687879,10.609658]},"faces":{"east":{"uv":[12.0,8.25,11.25,8.625],"rotation":0,"texture":"#0","tintindex":0},"south":{"uv":[2.875,6.5,2.875,6.875],"rotation":0,"texture":"#0","tintindex":0},"north":{"uv":[2.75,6.5,2.75,6.875],"rotation":0,"texture":"#0","tintindex":0},"west":{"uv":[11.25,8.25,12.0,8.625],"rotation":0,"texture":"#0","tintindex":0},"up":{"uv":[3.875,12.375,3.875,11.625],"rotation":0,"texture":"#0","tintindex":0},"down":{"uv":[4.0,11.625,4.0,12.375],"rotation":0,"texture":"#0","tintindex":0}}},{"from":[4.5714283,2.8571424,2.2571425],"to":[11.428572,4.5714283,2.2571425],"rotation":{"angle":0.0,"axis":"y","origin":[7.4357142,11.687879,10.609658]},"faces":{"east":{"uv":[3.0,5.0,3.0,5.375],"rotation":0,"texture":"#0","tintindex":0},"south":{"uv":[11.25,4.25,9.75,4.625],"rotation":0,"texture":"#0","tintindex":0},"north":{"uv":[9.75,4.25,11.25,4.625],"rotation":0,"texture":"#0","tintindex":0},"west":{"uv":[3.125,5.0,3.125,5.375],"rotation":0,"texture":"#0","tintindex":0},"up":{"uv":[13.125,1.25,11.625,1.25],"rotation":0,"texture":"#0","tintindex":0},"down":{"uv":[13.125,1.375,11.625,1.375],"rotation":0,"texture":"#0","tintindex":0}}},{"from":[11.428572,2.8571424,2.2571425],"to":[11.428572,4.5714283,5.685714],"rotation":{"angle":0.0,"axis":"y","origin":[8.564285,11.687879,10.609658]},"faces":{"east":{"uv":[12.0,8.25,11.25,8.625],"rotation":0,"texture":"#0","tintindex":0},"south":{"uv":[2.875,6.5,2.875,6.875],"rotation":0,"texture":"#0","tintindex":0},"north":{"uv":[2.75,6.5,2.75,6.875],"rotation":0,"texture":"#0","tintindex":0},"west":{"uv":[11.25,8.25,12.0,8.625],"rotation":0,"texture":"#0","tintindex":0},"up":{"uv":[3.875,12.375,3.875,11.625],"rotation":0,"texture":"#0","tintindex":0},"down":{"uv":[4.0,11.625,4.0,12.375],"rotation":0,"texture":"#0","tintindex":0}}}],"display":{"head":{"translation":[0.0,-6.4,0.0],"scale":[4.0,4.0,4.0]}}}