{"textures":{"0":"modelengine:entity/kitsune"},"elements":[{"from":[5.428571,6.5062385,3.2258797],"to":[10.571428,11.077667,8.368737],"rotation":{"angle":0.0,"axis":"y","origin":[7.4357142,8.572184,16.118935]},"faces":{"east":{"uv":[6.75,7.75,7.875,8.75],"rotation":0,"texture":"#0","tintindex":0},"south":{"uv":[1.125,7.875,2.25,8.875],"rotation":0,"texture":"#0","tintindex":0},"north":{"uv":[5.5,7.75,6.625,8.75],"rotation":0,"texture":"#0","tintindex":0},"west":{"uv":[8.0,7.75,9.125,8.75],"rotation":0,"texture":"#0","tintindex":0},"up":{"uv":[4.125,8.0,3.0,6.875],"rotation":0,"texture":"#0","tintindex":0},"down":{"uv":[8.375,0.875,7.25,2.0],"rotation":0,"texture":"#0","tintindex":0}}},{"from":[6.857143,6.5062385,0.36873627],"to":[9.142858,7.077667,3.2258797],"rotation":{"angle":0.0,"axis":"y","origin":[7.4357142,8.572184,16.118935]},"faces":{"east":{"uv":[6.25,3.875,6.875,4.0],"rotation":0,"texture":"#0","tintindex":0},"south":{"uv":[11.5,11.375,12.0,11.5],"rotation":0,"texture":"#0","tintindex":0},"north":{"uv":[2.375,7.875,2.875,8.0],"rotation":0,"texture":"#0","tintindex":0},"west":{"uv":[11.5,6.125,12.125,6.25],"rotation":0,"texture":"#0","tintindex":0},"up":{"uv":[0.5,11.5,0.0,10.875],"rotation":0,"texture":"#0","tintindex":0},"down":{"uv":[1.125,10.875,0.625,11.5],"rotation":0,"texture":"#0","tintindex":0}}},{"from":[6.16387,10.643873,5.511594],"to":[8.449584,13.501017,6.083022],"rotation":{"angle":22.5,"axis":"z","origin":[7.4357142,8.572184,16.118935]},"faces":{"east":{"uv":[3.0,4.25,3.125,4.875],"rotation":0,"texture":"#0","tintindex":0},"south":{"uv":[1.875,10.875,2.375,11.5],"rotation":0,"texture":"#0","tintindex":0},"north":{"uv":[1.25,10.875,1.75,11.5],"rotation":0,"texture":"#0","tintindex":0},"west":{"uv":[1.375,4.75,1.5,5.375],"rotation":0,"texture":"#0","tintindex":0},"up":{"uv":[0.5,11.75,0.0,11.625],"rotation":0,"texture":"#0","tintindex":0},"down":{"uv":[12.125,0.0,11.625,0.125],"rotation":0,"texture":"#0","tintindex":0}}},{"from":[5.5924416,10.643873,5.52588],"to":[9.021013,15.215302,5.52588],"rotation":{"angle":22.5,"axis":"z","origin":[7.4357142,8.572184,16.118935]},"faces":{"east":{"uv":[4.5,5.625,4.5,6.625],"rotation":0,"texture":"#0","tintindex":0},"south":{"uv":[10.0,7.625,9.25,8.625],"rotation":0,"texture":"#0","tintindex":0},"north":{"uv":[9.25,7.625,10.0,8.625],"rotation":0,"texture":"#0","tintindex":0},"west":{"uv":[4.25,6.875,4.25,7.875],"rotation":0,"texture":"#0","tintindex":0},"up":{"uv":[9.375,4.875,8.625,4.875],"rotation":0,"texture":"#0","tintindex":0},"down":{"uv":[1.375,11.625,0.625,11.625],"rotation":0,"texture":"#0","tintindex":0}}},{"from":[5.442857,12.357673,8.482284],"to":[5.442857,15.786243,13.625141],"rotation":{"angle":-22.5,"axis":"x","origin":[7.4357142,8.572184,16.118935]},"faces":{"east":{"uv":[2.25,9.0,1.125,9.75],"rotation":0,"texture":"#0","tintindex":0},"south":{"uv":[2.125,9.875,2.125,10.625],"rotation":0,"texture":"#0","tintindex":0},"north":{"uv":[2.0,9.875,2.0,10.625],"rotation":0,"texture":"#0","tintindex":0},"west":{"uv":[1.125,9.0,2.25,9.75],"rotation":0,"texture":"#0","tintindex":0},"up":{"uv":[6.125,12.5,6.125,11.375],"rotation":0,"texture":"#0","tintindex":0},"down":{"uv":[3.625,11.5,3.625,12.625],"rotation":0,"texture":"#0","tintindex":0}}},{"from":[6.857143,7.077667,0.36873627],"to":[9.142858,8.791953,3.2258797],"rotation":{"angle":0.0,"axis":"y","origin":[7.4357142,8.572184,16.118935]},"faces":{"east":{"uv":[6.5,0.875,7.125,1.25],"rotation":0,"texture":"#0","tintindex":0},"south":{"uv":[11.375,7.0,11.875,7.375],"rotation":0,"texture":"#0","tintindex":0},"north":{"uv":[11.375,4.25,11.875,4.625],"rotation":0,"texture":"#0","tintindex":0},"west":{"uv":[9.0,3.25,9.625,3.625],"rotation":0,"texture":"#0","tintindex":0},"up":{"uv":[8.0,11.75,7.5,11.125],"rotation":0,"texture":"#0","tintindex":0},"down":{"uv":[8.625,11.125,8.125,11.75],"rotation":0,"texture":"#0","tintindex":0}}},{"from":[2.1499882,6.5062385,8.552767],"to":[2.1499882,11.077667,13.124195],"rotation":{"angle":-22.5,"axis":"y","origin":[7.4357142,8.572184,16.118935]},"faces":{"east":{"uv":[7.625,8.875,6.625,9.875],"rotation":0,"texture":"#0","tintindex":0},"south":{"uv":[2.25,11.625,2.25,12.625],"rotation":0,"texture":"#0","tintindex":0},"north":{"uv":[2.125,11.625,2.125,12.625],"rotation":0,"texture":"#0","tintindex":0},"west":{"uv":[6.625,8.875,7.625,9.875],"rotation":0,"texture":"#0","tintindex":0},"up":{"uv":[2.375,12.625,2.375,11.625],"rotation":0,"texture":"#0","tintindex":0},"down":{"uv":[2.5,11.625,2.5,12.625],"rotation":0,"texture":"#0","tintindex":0}}},{"from":[7.5504155,10.643873,5.511594],"to":[9.83613,13.501017,6.083022],"rotation":{"angle":-22.5,"axis":"z","origin":[8.564285,8.572184,16.118935]},"faces":{"east":{"uv":[1.5,4.75,1.375,5.375],"rotation":0,"texture":"#0","tintindex":0},"south":{"uv":[2.375,10.875,1.875,11.5],"rotation":0,"texture":"#0","tintindex":0},"north":{"uv":[1.75,10.875,1.25,11.5],"rotation":0,"texture":"#0","tintindex":0},"west":{"uv":[3.125,4.25,3.0,4.875],"rotation":0,"texture":"#0","tintindex":0},"up":{"uv":[0.0,11.75,0.5,11.625],"rotation":0,"texture":"#0","tintindex":0},"down":{"uv":[11.625,0.0,12.125,0.125],"rotation":0,"texture":"#0","tintindex":0}}},{"from":[10.557143,12.357673,8.482284],"to":[10.557143,15.786243,13.625141],"rotation":{"angle":-22.5,"axis":"x","origin":[8.564285,8.572184,16.118935]},"faces":{"east":{"uv":[2.25,9.0,1.125,9.75],"rotation":0,"texture":"#0","tintindex":0},"south":{"uv":[2.125,9.875,2.125,10.625],"rotation":0,"texture":"#0","tintindex":0},"north":{"uv":[2.0,9.875,2.0,10.625],"rotation":0,"texture":"#0","tintindex":0},"west":{"uv":[1.125,9.0,2.25,9.75],"rotation":0,"texture":"#0","tintindex":0},"up":{"uv":[6.125,12.5,6.125,11.375],"rotation":0,"texture":"#0","tintindex":0},"down":{"uv":[3.625,11.5,3.625,12.625],"rotation":0,"texture":"#0","tintindex":0}}},{"from":[6.9789867,10.643873,5.52588],"to":[10.407558,15.215302,5.52588],"rotation":{"angle":-22.5,"axis":"z","origin":[8.564285,8.572184,16.118935]},"faces":{"east":{"uv":[4.25,6.875,4.25,7.875],"rotation":0,"texture":"#0","tintindex":0},"south":{"uv":[9.25,7.625,10.0,8.625],"rotation":0,"texture":"#0","tintindex":0},"north":{"uv":[10.0,7.625,9.25,8.625],"rotation":0,"texture":"#0","tintindex":0},"west":{"uv":[4.5,5.625,4.5,6.625],"rotation":0,"texture":"#0","tintindex":0},"up":{"uv":[8.625,4.875,9.375,4.875],"rotation":0,"texture":"#0","tintindex":0},"down":{"uv":[0.625,11.625,1.375,11.625],"rotation":0,"texture":"#0","tintindex":0}}},{"from":[13.850012,6.5062385,8.552767],"to":[13.850012,11.077667,13.124195],"rotation":{"angle":22.5,"axis":"y","origin":[8.564285,8.572184,16.118935]},"faces":{"east":{"uv":[7.625,8.875,6.625,9.875],"rotation":0,"texture":"#0","tintindex":0},"south":{"uv":[2.25,11.625,2.25,12.625],"rotation":0,"texture":"#0","tintindex":0},"north":{"uv":[2.125,11.625,2.125,12.625],"rotation":0,"texture":"#0","tintindex":0},"west":{"uv":[6.625,8.875,7.625,9.875],"rotation":0,"texture":"#0","tintindex":0},"up":{"uv":[2.375,12.625,2.375,11.625],"rotation":0,"texture":"#0","tintindex":0},"down":{"uv":[2.5,11.625,2.5,12.625],"rotation":0,"texture":"#0","tintindex":0}}}],"display":{"head":{"translation":[0.0,-6.4,0.0],"scale":[4.0,4.0,4.0]}}}