{"textures":{"0":"modelengine:entity/kitsune"},"elements":[{"from":[7.182857,6.9364367,8.487915],"to":[9.468572,10.936437,11.916486],"rotation":{"angle":45.0,"axis":"x","origin":[10.618571,11.734078,6.2096257]},"faces":{"east":{"uv":[10.5,8.75,9.75,9.625],"rotation":0,"texture":"#0","tintindex":0},"south":{"uv":[10.625,2.375,11.125,3.25],"rotation":0,"texture":"#0","tintindex":0},"north":{"uv":[3.25,10.5,3.75,11.375],"rotation":0,"texture":"#0","tintindex":0},"west":{"uv":[9.75,8.75,10.5,9.625],"rotation":0,"texture":"#0","tintindex":0},"up":{"uv":[4.375,11.5,3.875,10.75],"rotation":0,"texture":"#0","tintindex":0},"down":{"uv":[11.25,6.625,10.75,7.375],"rotation":0,"texture":"#0","tintindex":0}}},{"from":[7.1971426,5.895398,6.3445644],"to":[7.1971426,9.32397,10.344564],"rotation":{"angle":-22.5,"axis":"x","origin":[10.618571,11.734078,6.2096257]},"faces":{"east":{"uv":[0.875,10.0,0.0,10.75],"rotation":0,"texture":"#0","tintindex":0},"south":{"uv":[2.75,11.625,2.75,12.375],"rotation":0,"texture":"#0","tintindex":0},"north":{"uv":[10.5,2.375,10.5,3.125],"rotation":0,"texture":"#0","tintindex":0},"west":{"uv":[0.0,10.0,0.875,10.75],"rotation":0,"texture":"#0","tintindex":0},"up":{"uv":[2.875,12.5,2.875,11.625],"rotation":0,"texture":"#0","tintindex":0},"down":{"uv":[3.0,11.625,3.0,12.5],"rotation":0,"texture":"#0","tintindex":0}}}],"display":{"head":{"translation":[0.0,-6.4,0.0],"scale":[4.0,4.0,4.0]}}}