{"textures":{"0":"modelengine:entity/kitsune"},"elements":[{"from":[7.142857,3.3203068,9.900032],"to":[8.857143,6.7488785,12.185747],"rotation":{"angle":22.5,"axis":"x","origin":[4.8642855,15.025211,12.884542]},"faces":{"east":{"uv":[11.125,8.625,10.625,9.375],"rotation":0,"texture":"#0","tintindex":0},"south":{"uv":[9.125,11.125,8.75,11.875],"rotation":0,"texture":"#0","tintindex":0},"north":{"uv":[4.875,10.75,4.5,11.5],"rotation":0,"texture":"#0","tintindex":0},"west":{"uv":[11.125,3.375,10.625,4.125],"rotation":0,"texture":"#0","tintindex":0},"up":{"uv":[9.25,10.625,9.625,10.125],"rotation":0,"texture":"#0","tintindex":0},"down":{"uv":[11.375,6.375,11.75,6.875],"rotation":0,"texture":"#0","tintindex":0}}}],"display":{"head":{"translation":[0.0,-6.4,0.0],"scale":[4.0,4.0,4.0]}}}