{"textures":{"0":"modelengine:entity/kitsune"},"elements":[{"from":[6.285714,9.961839,5.2825975],"to":[9.714286,16.818981,9.282598],"rotation":{"angle":22.5,"axis":"x","origin":[7.4357142,7.4140396,2.154951]},"faces":{"east":{"uv":[6.25,1.375,7.125,2.875],"rotation":0,"texture":"#0","tintindex":0},"south":{"uv":[2.375,8.125,3.125,9.625],"rotation":0,"texture":"#0","tintindex":0},"north":{"uv":[8.125,2.125,8.875,3.625],"rotation":0,"texture":"#0","tintindex":0},"west":{"uv":[4.5,6.75,5.375,8.25],"rotation":0,"texture":"#0","tintindex":0},"up":{"uv":[10.5,10.625,9.75,9.75],"rotation":0,"texture":"#0","tintindex":0},"down":{"uv":[1.875,9.875,1.125,10.75],"rotation":0,"texture":"#0","tintindex":0}}},{"from":[8.0,12.224161,-0.5188694],"to":[8.0,17.367018,3.481131],"rotation":{"angle":45.0,"axis":"x","origin":[7.4357142,7.4140396,2.154951]},"faces":{"east":{"uv":[9.625,8.875,8.75,10.0],"rotation":0,"texture":"#0","tintindex":0},"south":{"uv":[6.25,11.625,6.25,12.75],"rotation":0,"texture":"#0","tintindex":0},"north":{"uv":[4.875,11.625,4.875,12.75],"rotation":0,"texture":"#0","tintindex":0},"west":{"uv":[8.75,8.875,9.625,10.0],"rotation":0,"texture":"#0","tintindex":0},"up":{"uv":[6.375,12.5,6.375,11.625],"rotation":0,"texture":"#0","tintindex":0},"down":{"uv":[6.5,11.625,6.5,12.5],"rotation":0,"texture":"#0","tintindex":0}}}],"display":{"head":{"translation":[0.0,-6.4,0.0],"scale":[4.0,4.0,4.0]}}}