{"textures":{"0":"modelengine:entity/kitsune"},"elements":[{"from":[6.285714,9.961839,5.2825975],"to":[9.714286,16.818981,9.282598],"rotation":{"angle":22.5,"axis":"x","origin":[8.564285,7.4140396,2.154951]},"faces":{"east":{"uv":[5.375,6.75,4.5,8.25],"rotation":0,"texture":"#0","tintindex":0},"south":{"uv":[3.125,8.125,2.375,9.625],"rotation":0,"texture":"#0","tintindex":0},"north":{"uv":[8.875,2.125,8.125,3.625],"rotation":0,"texture":"#0","tintindex":0},"west":{"uv":[7.125,1.375,6.25,2.875],"rotation":0,"texture":"#0","tintindex":0},"up":{"uv":[9.75,10.625,10.5,9.75],"rotation":0,"texture":"#0","tintindex":0},"down":{"uv":[1.125,9.875,1.875,10.75],"rotation":0,"texture":"#0","tintindex":0}}},{"from":[8.0,12.224161,-0.5188694],"to":[8.0,17.367018,3.481131],"rotation":{"angle":45.0,"axis":"x","origin":[8.564285,7.4140396,2.154951]},"faces":{"east":{"uv":[9.625,8.875,8.75,10.0],"rotation":0,"texture":"#0","tintindex":0},"south":{"uv":[6.25,11.625,6.25,12.75],"rotation":0,"texture":"#0","tintindex":0},"north":{"uv":[4.875,11.625,4.875,12.75],"rotation":0,"texture":"#0","tintindex":0},"west":{"uv":[8.75,8.875,9.625,10.0],"rotation":0,"texture":"#0","tintindex":0},"up":{"uv":[6.375,12.5,6.375,11.625],"rotation":0,"texture":"#0","tintindex":0},"down":{"uv":[6.5,11.625,6.5,12.5],"rotation":0,"texture":"#0","tintindex":0}}}],"display":{"head":{"translation":[0.0,-6.4,0.0],"scale":[4.0,4.0,4.0]}}}