{"textures":{"0":"modelengine:entity/kitsune"},"elements":[{"from":[5.142857,7.0134563,3.5434065],"to":[10.857143,12.727743,9.257692],"rotation":{"angle":0.0,"axis":"y","origin":[7.4357142,13.558478,6.1816363]},"faces":{"east":{"uv":[4.625,4.125,5.875,5.375],"rotation":0,"texture":"#0","tintindex":0},"south":{"uv":[0.0,4.75,1.25,6.0],"rotation":0,"texture":"#0","tintindex":0},"north":{"uv":[3.5,1.375,4.75,2.625],"rotation":0,"texture":"#0","tintindex":0},"west":{"uv":[4.875,1.375,6.125,2.625],"rotation":0,"texture":"#0","tintindex":0},"up":{"uv":[6.125,4.0,4.875,2.75],"rotation":0,"texture":"#0","tintindex":0},"down":{"uv":[6.375,0.0,5.125,1.25],"rotation":0,"texture":"#0","tintindex":0}}},{"from":[4.5714283,9.8706,4.1148353],"to":[11.428572,13.299171,7.543407],"rotation":{"angle":0.0,"axis":"y","origin":[7.4357142,13.558478,6.1816363]},"faces":{"east":{"uv":[10.125,0.5,10.875,1.25],"rotation":0,"texture":"#0","tintindex":0},"south":{"uv":[8.5,0.875,10.0,1.625],"rotation":0,"texture":"#0","tintindex":0},"north":{"uv":[8.375,0.0,9.875,0.75],"rotation":0,"texture":"#0","tintindex":0},"west":{"uv":[10.125,4.75,10.875,5.5],"rotation":0,"texture":"#0","tintindex":0},"up":{"uv":[10.0,5.75,8.5,5.0],"rotation":0,"texture":"#0","tintindex":0},"down":{"uv":[10.0,5.875,8.5,6.625],"rotation":0,"texture":"#0","tintindex":0}}},{"from":[5.1571426,7.8436747,5.4111376],"to":[5.1571426,12.986532,11.125423],"rotation":{"angle":-22.5,"axis":"x","origin":[7.4357142,13.558478,6.1816363]},"faces":{"east":{"uv":[7.25,4.125,6.0,5.25],"rotation":0,"texture":"#0","tintindex":0},"south":{"uv":[1.5,11.625,1.5,12.75],"rotation":0,"texture":"#0","tintindex":0},"north":{"uv":[3.75,11.5,3.75,12.625],"rotation":0,"texture":"#0","tintindex":0},"west":{"uv":[6.0,4.125,7.25,5.25],"rotation":0,"texture":"#0","tintindex":0},"up":{"uv":[1.625,12.875,1.625,11.625],"rotation":0,"texture":"#0","tintindex":0},"down":{"uv":[1.75,11.625,1.75,12.875],"rotation":0,"texture":"#0","tintindex":0}}},{"from":[10.842857,7.8436747,5.4111376],"to":[10.842857,12.986532,11.125423],"rotation":{"angle":-22.5,"axis":"x","origin":[8.564285,13.558478,6.1816363]},"faces":{"east":{"uv":[7.25,4.125,6.0,5.25],"rotation":0,"texture":"#0","tintindex":0},"south":{"uv":[1.5,11.625,1.5,12.75],"rotation":0,"texture":"#0","tintindex":0},"north":{"uv":[3.75,11.5,3.75,12.625],"rotation":0,"texture":"#0","tintindex":0},"west":{"uv":[6.0,4.125,7.25,5.25],"rotation":0,"texture":"#0","tintindex":0},"up":{"uv":[1.625,12.875,1.625,11.625],"rotation":0,"texture":"#0","tintindex":0},"down":{"uv":[1.75,11.625,1.75,12.875],"rotation":0,"texture":"#0","tintindex":0}}}],"display":{"head":{"translation":[0.0,-6.4,0.0],"scale":[4.0,4.0,4.0]}}}