{"textures":{"0":"modelengine:entity/knight"},"elements":[{"from":[6.1714287,4.5142856,6.285714],"to":[10.285714,9.771429,10.4],"rotation":{"angle":0.0,"axis":"y","origin":[8.0,-9.800001,7.6571426]},"faces":{"east":{"uv":[4.625,3.0,5.0625,3.5625],"rotation":0,"texture":"#0","tintindex":0},"south":{"uv":[4.6875,0.4375,5.125,1.0],"rotation":0,"texture":"#0","tintindex":0},"north":{"uv":[4.625,1.9375,5.0625,2.5],"rotation":0,"texture":"#0","tintindex":0},"west":{"uv":[4.6875,1.0,5.125,1.5625],"rotation":0,"texture":"#0","tintindex":0},"up":{"uv":[5.1875,2.9375,4.75,2.5],"rotation":0,"texture":"#0","tintindex":0},"down":{"uv":[5.4375,0.0,5.0,0.4375],"rotation":0,"texture":"#0","tintindex":0}}},{"from":[5.2571425,6.428571,5.485714],"to":[8.0,7.8,6.285714],"rotation":{"angle":22.5,"axis":"y","origin":[7.0857143,7.1142855,5.8285713]},"faces":{"east":{"uv":[1.25,7.125,1.3125,7.25],"rotation":0,"texture":"#0","tintindex":0},"south":{"uv":[7.9375,1.125,8.25,1.25],"rotation":0,"texture":"#0","tintindex":0},"north":{"uv":[7.9375,1.0,8.25,1.125],"rotation":0,"texture":"#0","tintindex":0},"west":{"uv":[7.5625,2.8125,7.625,2.9375],"rotation":0,"texture":"#0","tintindex":0},"up":{"uv":[4.625,1.25,4.3125,1.1875],"rotation":0,"texture":"#0","tintindex":0},"down":{"uv":[5.0625,2.9375,4.75,3.0],"rotation":0,"texture":"#0","tintindex":0}}},{"from":[5.6121306,6.428571,7.6760736],"to":[7.7835593,7.8,10.876074],"rotation":{"angle":0.0,"axis":"y","origin":[4.8,7.1142855,9.6]},"faces":{"east":{"uv":[7.6875,1.25,8.0625,1.375],"rotation":0,"texture":"#0","tintindex":0},"south":{"uv":[8.25,2.3125,8.5,2.4375],"rotation":0,"texture":"#0","tintindex":0},"north":{"uv":[8.25,2.1875,8.5,2.3125],"rotation":0,"texture":"#0","tintindex":0},"west":{"uv":[7.6875,1.375,8.0625,1.5],"rotation":0,"texture":"#0","tintindex":0},"up":{"uv":[2.25,7.0,2.0,6.625],"rotation":0,"texture":"#0","tintindex":0},"down":{"uv":[2.5,6.625,2.25,7.0],"rotation":0,"texture":"#0","tintindex":0}}},{"from":[5.6121306,4.714286,7.104645],"to":[7.3264165,6.0857143,10.647502],"rotation":{"angle":0.0,"axis":"y","origin":[4.8,7.1142855,9.6]},"faces":{"east":{"uv":[7.6875,1.5,8.0625,1.625],"rotation":0,"texture":"#0","tintindex":0},"south":{"uv":[8.375,3.6875,8.5625,3.8125],"rotation":0,"texture":"#0","tintindex":0},"north":{"uv":[3.625,8.375,3.8125,8.5],"rotation":0,"texture":"#0","tintindex":0},"west":{"uv":[7.6875,1.625,8.0625,1.75],"rotation":0,"texture":"#0","tintindex":0},"up":{"uv":[1.25,7.5,1.0625,7.125],"rotation":0,"texture":"#0","tintindex":0},"down":{"uv":[6.0625,7.1875,5.875,7.5625],"rotation":0,"texture":"#0","tintindex":0}}},{"from":[8.673584,6.428571,7.6760736],"to":[10.845013,7.8,10.876074],"rotation":{"angle":0.0,"axis":"y","origin":[11.657143,7.1142855,9.6]},"faces":{"east":{"uv":[7.6875,1.75,8.0625,1.875],"rotation":0,"texture":"#0","tintindex":0},"south":{"uv":[8.25,2.5625,8.5,2.6875],"rotation":0,"texture":"#0","tintindex":0},"north":{"uv":[8.25,2.4375,8.5,2.5625],"rotation":0,"texture":"#0","tintindex":0},"west":{"uv":[7.6875,1.875,8.0625,2.0],"rotation":0,"texture":"#0","tintindex":0},"up":{"uv":[6.875,3.25,6.625,2.875],"rotation":0,"texture":"#0","tintindex":0},"down":{"uv":[4.0,6.625,3.75,7.0],"rotation":0,"texture":"#0","tintindex":0}}},{"from":[9.130727,4.714286,7.104645],"to":[10.845013,6.0857143,10.647502],"rotation":{"angle":0.0,"axis":"y","origin":[11.657143,7.1142855,9.6]},"faces":{"east":{"uv":[7.6875,2.0,8.0625,2.125],"rotation":0,"texture":"#0","tintindex":0},"south":{"uv":[4.0,8.375,4.1875,8.5],"rotation":0,"texture":"#0","tintindex":0},"north":{"uv":[3.8125,8.375,4.0,8.5],"rotation":0,"texture":"#0","tintindex":0},"west":{"uv":[7.6875,2.125,8.0625,2.25],"rotation":0,"texture":"#0","tintindex":0},"up":{"uv":[1.4375,7.625,1.25,7.25],"rotation":0,"texture":"#0","tintindex":0},"down":{"uv":[2.1875,7.25,2.0,7.625],"rotation":0,"texture":"#0","tintindex":0}}},{"from":[5.8285713,4.8285713,5.485714],"to":[8.0,6.2,6.285714],"rotation":{"angle":22.5,"axis":"y","origin":[7.0857143,7.1142855,5.8285713]},"faces":{"east":{"uv":[1.5625,7.6875,1.625,7.8125],"rotation":0,"texture":"#0","tintindex":0},"south":{"uv":[8.25,2.8125,8.5,2.9375],"rotation":0,"texture":"#0","tintindex":0},"north":{"uv":[2.75,8.25,3.0,8.375],"rotation":0,"texture":"#0","tintindex":0},"west":{"uv":[4.625,7.6875,4.6875,7.8125],"rotation":0,"texture":"#0","tintindex":0},"up":{"uv":[6.375,3.625,6.125,3.5625],"rotation":0,"texture":"#0","tintindex":0},"down":{"uv":[8.1875,6.4375,7.9375,6.5],"rotation":0,"texture":"#0","tintindex":0}}},{"from":[8.457143,6.428571,5.485714],"to":[11.2,7.8,6.285714],"rotation":{"angle":-22.5,"axis":"y","origin":[9.3714285,7.1142855,5.8285713]},"faces":{"east":{"uv":[7.9375,5.875,8.0,6.0],"rotation":0,"texture":"#0","tintindex":0},"south":{"uv":[7.9375,3.375,8.25,3.5],"rotation":0,"texture":"#0","tintindex":0},"north":{"uv":[7.9375,2.8125,8.25,2.9375],"rotation":0,"texture":"#0","tintindex":0},"west":{"uv":[8.0625,4.4375,8.125,4.5625],"rotation":0,"texture":"#0","tintindex":0},"up":{"uv":[5.5,2.9375,5.1875,2.875],"rotation":0,"texture":"#0","tintindex":0},"down":{"uv":[5.75,0.375,5.4375,0.4375],"rotation":0,"texture":"#0","tintindex":0}}},{"from":[8.457143,4.8285713,5.485714],"to":[10.6285715,6.2,6.285714],"rotation":{"angle":-22.5,"axis":"y","origin":[9.3714285,7.1142855,5.8285713]},"faces":{"east":{"uv":[8.0625,5.6875,8.125,5.8125],"rotation":0,"texture":"#0","tintindex":0},"south":{"uv":[3.0,8.25,3.25,8.375],"rotation":0,"texture":"#0","tintindex":0},"north":{"uv":[8.25,2.9375,8.5,3.0625],"rotation":0,"texture":"#0","tintindex":0},"west":{"uv":[7.6875,8.0625,7.75,8.1875],"rotation":0,"texture":"#0","tintindex":0},"up":{"uv":[8.875,7.625,8.625,7.5625],"rotation":0,"texture":"#0","tintindex":0},"down":{"uv":[0.375,8.6875,0.125,8.75],"rotation":0,"texture":"#0","tintindex":0}}}],"display":{"head":{"translation":[0.0,-6.4,0.0],"scale":[4.0,4.0,4.0]}}}