{"textures":{"0":"modelengine:entity/knight"},"elements":[{"from":[6.1714287,5.6285715,7.542857],"to":[7.542857,8.3714285,8.457143],"rotation":{"angle":0.0,"axis":"y","origin":[8.457143,7.9142857,7.542857]},"faces":{"east":{"uv":[3.75,6.3125,3.875,6.625],"rotation":0,"texture":"#0","tintindex":0},"south":{"uv":[6.6875,5.0625,6.8125,5.375],"rotation":0,"texture":"#0","tintindex":0},"north":{"uv":[3.0,5.75,3.125,6.0625],"rotation":0,"texture":"#0","tintindex":0},"west":{"uv":[7.9375,0.6875,8.0625,1.0],"rotation":0,"texture":"#0","tintindex":0},"up":{"uv":[5.0625,6.8125,4.9375,6.6875],"rotation":0,"texture":"#0","tintindex":0},"down":{"uv":[5.5625,6.75,5.4375,6.875],"rotation":0,"texture":"#0","tintindex":0}}},{"from":[8.457143,5.6285715,7.542857],"to":[9.828571,8.3714285,8.457143],"rotation":{"angle":0.0,"axis":"y","origin":[7.542857,7.9142857,7.542857]},"faces":{"east":{"uv":[7.9375,2.5,8.0625,2.8125],"rotation":0,"texture":"#0","tintindex":0},"south":{"uv":[7.9375,4.25,8.0625,4.5625],"rotation":0,"texture":"#0","tintindex":0},"north":{"uv":[1.4375,7.9375,1.5625,8.25],"rotation":0,"texture":"#0","tintindex":0},"west":{"uv":[4.9375,7.9375,5.0625,8.25],"rotation":0,"texture":"#0","tintindex":0},"up":{"uv":[7.5,0.75,7.375,0.625],"rotation":0,"texture":"#0","tintindex":0},"down":{"uv":[7.5,6.9375,7.375,7.0625],"rotation":0,"texture":"#0","tintindex":0}}},{"from":[5.485714,-0.31428623,8.0],"to":[10.514286,7.0,8.0],"rotation":{"angle":0.0,"axis":"y","origin":[8.228572,7.9142857,8.0]},"faces":{"east":{"uv":[0.0,0.0,0.0,0.8125],"rotation":0,"texture":"#0","tintindex":0},"south":{"uv":[3.3125,3.4375,3.875,4.25],"rotation":0,"texture":"#0","tintindex":0},"north":{"uv":[3.875,3.4375,3.3125,4.25],"rotation":0,"texture":"#0","tintindex":0},"west":{"uv":[0.0,0.0,0.0,0.8125],"rotation":0,"texture":"#0","tintindex":0},"up":{"uv":[0.5625,0.0,0.0,0.0],"rotation":0,"texture":"#0","tintindex":0},"down":{"uv":[0.5625,0.0,0.0,0.0],"rotation":0,"texture":"#0","tintindex":0}}}],"display":{"head":{"translation":[0.0,-6.4,0.0],"scale":[4.0,4.0,4.0]}}}