{"textures":{"0":"modelengine:entity/knight"},"elements":[{"from":[4.1142855,7.6857142,5.714286],"to":[11.885715,9.057143,11.657143],"rotation":{"angle":0.0,"axis":"y","origin":[7.7714286,13.628572,8.0]},"faces":{"east":{"uv":[6.9375,6.4375,7.5625,6.5625],"rotation":0,"texture":"#0","tintindex":0},"south":{"uv":[6.125,3.4375,7.0,3.5625],"rotation":0,"texture":"#0","tintindex":0},"north":{"uv":[6.125,2.5625,7.0,2.6875],"rotation":0,"texture":"#0","tintindex":0},"west":{"uv":[7.0,0.25,7.625,0.375],"rotation":0,"texture":"#0","tintindex":0},"up":{"uv":[3.375,2.3125,2.5,1.6875],"rotation":0,"texture":"#0","tintindex":0},"down":{"uv":[3.375,2.3125,2.5,2.9375],"rotation":0,"texture":"#0","tintindex":0}}},{"from":[5.028571,5.8571424,6.1714287],"to":[10.971429,7.6857142,11.2],"rotation":{"angle":0.0,"axis":"y","origin":[7.7714286,13.628572,8.0]},"faces":{"east":{"uv":[6.25,5.875,6.8125,6.0625],"rotation":0,"texture":"#0","tintindex":0},"south":{"uv":[5.8125,2.875,6.4375,3.0625],"rotation":0,"texture":"#0","tintindex":0},"north":{"uv":[5.75,5.25,6.375,5.4375],"rotation":0,"texture":"#0","tintindex":0},"west":{"uv":[6.3125,2.6875,6.875,2.875],"rotation":0,"texture":"#0","tintindex":0},"up":{"uv":[4.5,4.5625,3.875,4.0],"rotation":0,"texture":"#0","tintindex":0},"down":{"uv":[2.625,4.0625,2.0,4.625],"rotation":0,"texture":"#0","tintindex":0}}},{"from":[5.942857,8.142858,10.514286],"to":[10.057143,9.742857,12.114286],"rotation":{"angle":0.0,"axis":"y","origin":[7.7714286,13.628572,8.0]},"faces":{"east":{"uv":[4.0625,8.0625,4.25,8.25],"rotation":0,"texture":"#0","tintindex":0},"south":{"uv":[6.9375,6.25,7.375,6.4375],"rotation":0,"texture":"#0","tintindex":0},"north":{"uv":[6.9375,6.0625,7.375,6.25],"rotation":0,"texture":"#0","tintindex":0},"west":{"uv":[4.25,8.0625,4.4375,8.25],"rotation":0,"texture":"#0","tintindex":0},"up":{"uv":[7.375,6.875,6.9375,6.6875],"rotation":0,"texture":"#0","tintindex":0},"down":{"uv":[7.375,6.875,6.9375,7.0625],"rotation":0,"texture":"#0","tintindex":0}}},{"from":[9.6,6.7714286,5.142857],"to":[11.428572,9.6285715,6.9714284],"rotation":{"angle":-22.5,"axis":"x","origin":[10.514286,8.142858,5.714286]},"faces":{"east":{"uv":[7.5,0.625,7.6875,0.9375],"rotation":0,"texture":"#0","tintindex":0},"south":{"uv":[7.5,0.9375,7.6875,1.25],"rotation":0,"texture":"#0","tintindex":0},"north":{"uv":[0.625,7.4375,0.8125,7.75],"rotation":0,"texture":"#0","tintindex":0},"west":{"uv":[1.0625,7.5,1.25,7.8125],"rotation":0,"texture":"#0","tintindex":0},"up":{"uv":[8.25,4.4375,8.0625,4.25],"rotation":0,"texture":"#0","tintindex":0},"down":{"uv":[4.625,8.0625,4.4375,8.25],"rotation":0,"texture":"#0","tintindex":0}}},{"from":[9.942858,9.171429,5.8285713],"to":[11.085714,10.771429,6.857143],"rotation":{"angle":-45.0,"axis":"x","origin":[10.514286,8.142858,5.714286]},"faces":{"east":{"uv":[0.25,8.5,0.375,8.6875],"rotation":0,"texture":"#0","tintindex":0},"south":{"uv":[0.375,8.5,0.5,8.6875],"rotation":0,"texture":"#0","tintindex":0},"north":{"uv":[0.125,8.5,0.25,8.6875],"rotation":0,"texture":"#0","tintindex":0},"west":{"uv":[8.5,0.875,8.625,1.0625],"rotation":0,"texture":"#0","tintindex":0},"up":{"uv":[2.8125,8.8125,2.6875,8.6875],"rotation":0,"texture":"#0","tintindex":0},"down":{"uv":[3.0625,8.6875,2.9375,8.8125],"rotation":0,"texture":"#0","tintindex":0}}},{"from":[10.057143,10.167512,3.810645],"to":[10.971429,11.424655,4.4963593],"rotation":{"angle":-22.5,"axis":"x","origin":[10.514286,10.885715,3.885714]},"faces":{"east":{"uv":[3.875,8.8125,3.9375,8.9375],"rotation":0,"texture":"#0","tintindex":0},"south":{"uv":[8.6875,3.1875,8.8125,3.3125],"rotation":0,"texture":"#0","tintindex":0},"north":{"uv":[3.1875,8.6875,3.3125,8.8125],"rotation":0,"texture":"#0","tintindex":0},"west":{"uv":[8.8125,4.0625,8.875,4.1875],"rotation":0,"texture":"#0","tintindex":0},"up":{"uv":[8.9375,4.25,8.8125,4.1875],"rotation":0,"texture":"#0","tintindex":0},"down":{"uv":[8.9375,4.25,8.8125,4.3125],"rotation":0,"texture":"#0","tintindex":0}}},{"from":[4.5714283,6.7714286,5.142857],"to":[6.4,9.6285715,6.9714284],"rotation":{"angle":-22.5,"axis":"x","origin":[5.485714,8.142858,5.714286]},"faces":{"east":{"uv":[7.5,1.5625,7.6875,1.875],"rotation":0,"texture":"#0","tintindex":0},"south":{"uv":[7.5,1.875,7.6875,2.1875],"rotation":0,"texture":"#0","tintindex":0},"north":{"uv":[7.5,1.25,7.6875,1.5625],"rotation":0,"texture":"#0","tintindex":0},"west":{"uv":[7.5,2.1875,7.6875,2.5],"rotation":0,"texture":"#0","tintindex":0},"up":{"uv":[8.25,7.125,8.0625,6.9375],"rotation":0,"texture":"#0","tintindex":0},"down":{"uv":[8.25,7.4375,8.0625,7.625],"rotation":0,"texture":"#0","tintindex":0}}},{"from":[4.9142857,9.171429,5.8285713],"to":[6.0571427,10.771429,6.857143],"rotation":{"angle":-45.0,"axis":"x","origin":[5.485714,8.142858,5.714286]},"faces":{"east":{"uv":[8.5,1.25,8.625,1.4375],"rotation":0,"texture":"#0","tintindex":0},"south":{"uv":[8.5,1.4375,8.625,1.625],"rotation":0,"texture":"#0","tintindex":0},"north":{"uv":[8.5,1.0625,8.625,1.25],"rotation":0,"texture":"#0","tintindex":0},"west":{"uv":[8.5,1.625,8.625,1.8125],"rotation":0,"texture":"#0","tintindex":0},"up":{"uv":[3.4375,8.8125,3.3125,8.6875],"rotation":0,"texture":"#0","tintindex":0},"down":{"uv":[3.5625,8.6875,3.4375,8.8125],"rotation":0,"texture":"#0","tintindex":0}}},{"from":[5.028571,10.167512,3.810645],"to":[5.942857,11.424655,4.4963593],"rotation":{"angle":-22.5,"axis":"x","origin":[5.485714,10.885715,3.885714]},"faces":{"east":{"uv":[8.8125,4.3125,8.875,4.4375],"rotation":0,"texture":"#0","tintindex":0},"south":{"uv":[3.6875,8.6875,3.8125,8.8125],"rotation":0,"texture":"#0","tintindex":0},"north":{"uv":[3.5625,8.6875,3.6875,8.8125],"rotation":0,"texture":"#0","tintindex":0},"west":{"uv":[4.625,8.8125,4.6875,8.9375],"rotation":0,"texture":"#0","tintindex":0},"up":{"uv":[8.9375,4.5,8.8125,4.4375],"rotation":0,"texture":"#0","tintindex":0},"down":{"uv":[5.1875,8.8125,5.0625,8.875],"rotation":0,"texture":"#0","tintindex":0}}},{"from":[3.1999998,6.7714286,8.0],"to":[5.028571,10.314286,9.828571],"rotation":{"angle":22.5,"axis":"z","origin":[4.1142855,9.057143,8.914286]},"faces":{"east":{"uv":[7.3125,1.9375,7.5,2.3125],"rotation":0,"texture":"#0","tintindex":0},"south":{"uv":[7.3125,2.3125,7.5,2.6875],"rotation":0,"texture":"#0","tintindex":0},"north":{"uv":[1.4375,7.3125,1.625,7.6875],"rotation":0,"texture":"#0","tintindex":0},"west":{"uv":[2.5625,7.3125,2.75,7.6875],"rotation":0,"texture":"#0","tintindex":0},"up":{"uv":[8.25,8.125,8.0625,7.9375],"rotation":0,"texture":"#0","tintindex":0},"down":{"uv":[8.3125,4.4375,8.125,4.625],"rotation":0,"texture":"#0","tintindex":0}}},{"from":[3.4285712,9.057143,8.457143],"to":[4.8,11.685715,9.3714285],"rotation":{"angle":45.0,"axis":"z","origin":[4.1142855,9.057143,8.914286]},"faces":{"east":{"uv":[6.75,7.9375,6.875,8.25],"rotation":0,"texture":"#0","tintindex":0},"south":{"uv":[6.875,7.9375,7.0,8.25],"rotation":0,"texture":"#0","tintindex":0},"north":{"uv":[5.375,7.9375,5.5,8.25],"rotation":0,"texture":"#0","tintindex":0},"west":{"uv":[7.0,7.9375,7.125,8.25],"rotation":0,"texture":"#0","tintindex":0},"up":{"uv":[3.9375,8.8125,3.8125,8.6875],"rotation":0,"texture":"#0","tintindex":0},"down":{"uv":[8.8125,4.0,8.6875,4.125],"rotation":0,"texture":"#0","tintindex":0}}},{"from":[2.9714284,11.342857,8.571428],"to":[3.6571426,12.828571,9.257143],"rotation":{"angle":22.5,"axis":"z","origin":[4.1142855,9.057143,8.914286]},"faces":{"east":{"uv":[8.75,7.9375,8.8125,8.125],"rotation":0,"texture":"#0","tintindex":0},"south":{"uv":[8.0625,8.75,8.125,8.9375],"rotation":0,"texture":"#0","tintindex":0},"north":{"uv":[7.875,8.75,7.9375,8.9375],"rotation":0,"texture":"#0","tintindex":0},"west":{"uv":[8.125,8.75,8.1875,8.9375],"rotation":0,"texture":"#0","tintindex":0},"up":{"uv":[5.25,8.75,5.1875,8.6875],"rotation":0,"texture":"#0","tintindex":0},"down":{"uv":[8.75,6.25,8.6875,6.3125],"rotation":0,"texture":"#0","tintindex":0}}},{"from":[10.971429,6.7714286,8.0],"to":[12.8,10.314286,9.828571],