{"textures":{"0":"modelengine:entity/knight"},"elements":[{"from":[5.714286,6.7714286,6.1714287],"to":[9.942858,9.171429,9.142858],"rotation":{"angle":22.5,"axis":"z","origin":[7.0857143,7.8,7.885714]},"faces":{"east":{"uv":[7.0625,3.0,7.375,3.25],"rotation":0,"texture":"#0","tintindex":0},"south":{"uv":[6.375,0.9375,6.8125,1.1875],"rotation":0,"texture":"#0","tintindex":0},"north":{"uv":[6.3125,4.8125,6.75,5.0625],"rotation":0,"texture":"#0","tintindex":0},"west":{"uv":[4.5,7.0625,4.8125,7.3125],"rotation":0,"texture":"#0","tintindex":0},"up":{"uv":[6.0625,1.4375,5.625,1.125],"rotation":0,"texture":"#0","tintindex":0},"down":{"uv":[5.25,5.625,4.8125,5.9375],"rotation":0,"texture":"#0","tintindex":0}}},{"from":[6.4,0.9428568,6.6285715],"to":[8.342857,7.457143,8.8],"rotation":{"angle":0.0,"axis":"y","origin":[7.0857143,7.8,7.885714]},"faces":{"east":{"uv":[5.0,4.8125,5.25,5.5],"rotation":0,"texture":"#0","tintindex":0},"south":{"uv":[5.25,5.75,5.4375,6.4375],"rotation":0,"texture":"#0","tintindex":0},"north":{"uv":[5.75,4.5625,5.9375,5.25],"rotation":0,"texture":"#0","tintindex":0},"west":{"uv":[0.0,5.125,0.25,5.8125],"rotation":0,"texture":"#0","tintindex":0},"up":{"uv":[0.5,8.0625,0.3125,7.8125],"rotation":0,"texture":"#0","tintindex":0},"down":{"uv":[1.25,7.8125,1.0625,8.0625],"rotation":0,"texture":"#0","tintindex":0}}},{"from":[5.3714285,1.8571424,6.9714284],"to":[6.4,7.457143,8.571428],"rotation":{"angle":0.0,"axis":"y","origin":[7.0857143,7.8,7.885714]},"faces":{"east":{"uv":[5.875,5.4375,6.0625,6.0625],"rotation":0,"texture":"#0","tintindex":0},"south":{"uv":[0.0,7.0,0.125,7.625],"rotation":0,"texture":"#0","tintindex":0},"north":{"uv":[5.125,6.8125,5.25,7.4375],"rotation":0,"texture":"#0","tintindex":0},"west":{"uv":[5.9375,4.3125,6.125,4.9375],"rotation":0,"texture":"#0","tintindex":0},"up":{"uv":[4.3125,8.75,4.1875,8.5625],"rotation":0,"texture":"#0","tintindex":0},"down":{"uv":[8.6875,4.375,8.5625,4.5625],"rotation":0,"texture":"#0","tintindex":0}}},{"from":[8.342857,3.6857138,7.0857143],"to":[9.257143,7.6857142,8.342857],"rotation":{"angle":0.0,"axis":"y","origin":[7.0857143,7.8,7.885714]},"faces":{"east":{"uv":[2.3125,7.625,2.4375,8.0625],"rotation":0,"texture":"#0","tintindex":0},"south":{"uv":[2.4375,7.625,2.5625,8.0625],"rotation":0,"texture":"#0","tintindex":0},"north":{"uv":[2.1875,7.625,2.3125,8.0625],"rotation":0,"texture":"#0","tintindex":0},"west":{"uv":[2.75,7.625,2.875,8.0625],"rotation":0,"texture":"#0","tintindex":0},"up":{"uv":[8.8125,7.0625,8.6875,6.9375],"rotation":0,"texture":"#0","tintindex":0},"down":{"uv":[8.8125,7.625,8.6875,7.75],"rotation":0,"texture":"#0","tintindex":0}}},{"from":[5.2571425,2.5428567,8.8],"to":[6.742857,7.457143,9.3714285],"rotation":{"angle":22.5,"axis":"z","origin":[7.0857143,7.8,7.885714]},"faces":{"east":{"uv":[5.0625,7.9375,5.125,8.5],"rotation":0,"texture":"#0","tintindex":0},"south":{"uv":[5.0625,6.25,5.25,6.8125],"rotation":0,"texture":"#0","tintindex":0},"north":{"uv":[1.3125,6.1875,1.5,6.75],"rotation":0,"texture":"#0","tintindex":0},"west":{"uv":[5.5,7.9375,5.5625,8.5],"rotation":0,"texture":"#0","tintindex":0},"up":{"uv":[8.9375,1.0625,8.75,1.0],"rotation":0,"texture":"#0","tintindex":0},"down":{"uv":[8.9375,3.9375,8.75,4.0],"rotation":0,"texture":"#0","tintindex":0}}},{"from":[5.2571425,2.5428567,6.0571427],"to":[6.742857,7.457143,6.6285715],"rotation":{"angle":22.5,"axis":"z","origin":[7.0857143,7.8,7.885714]},"faces":{"east":{"uv":[1.3125,8.0625,1.375,8.625],"rotation":0,"texture":"#0","tintindex":0},"south":{"uv":[6.25,6.375,6.4375,6.9375],"rotation":0,"texture":"#0","tintindex":0},"north":{"uv":[6.0625,6.375,6.25,6.9375],"rotation":0,"texture":"#0","tintindex":0},"west":{"uv":[4.8125,8.0625,4.875,8.625],"rotation":0,"texture":"#0","tintindex":0},"up":{"uv":[8.9375,5.6875,8.75,5.625],"rotation":0,"texture":"#0","tintindex":0},"down":{"uv":[8.9375,5.6875,8.75,5.75],"rotation":0,"texture":"#0","tintindex":0}}},{"from":[6.5142856,6.7714286,5.8285713],"to":[7.428571,10.542857,6.6285715],"rotation":{"angle":45.0,"axis":"z","origin":[7.0857143,7.8,7.885714]},"faces":{"east":{"uv":[0.5,8.375,0.5625,8.8125],"rotation":0,"texture":"#0","tintindex":0},"south":{"uv":[2.875,7.625,3.0,8.0625],"rotation":0,"texture":"#0","tintindex":0},"north":{"uv":[7.625,2.8125,7.75,3.25],"rotation":0,"texture":"#0","tintindex":0},"west":{"uv":[8.375,0.5,8.4375,0.9375],"rotation":0,"texture":"#0","tintindex":0},"up":{"uv":[8.9375,6.375,8.8125,6.3125],"rotation":0,"texture":"#0","tintindex":0},"down":{"uv":[8.9375,6.375,8.8125,6.4375],"rotation":0,"texture":"#0","tintindex":0}}},{"from":[3.6571426,7.1142855,9.142858],"to":[7.2,8.028571,9.942858],"rotation":{"angle":-22.5,"axis":"z","origin":[7.0857143,7.8,7.885714]},"faces":{"east":{"uv":[6.1875,8.8125,6.25,8.9375],"rotation":0,"texture":"#0","tintindex":0},"south":{"uv":[7.8125,3.75,8.1875,3.875],"rotation":0,"texture":"#0","tintindex":0},"north":{"uv":[7.8125,3.625,8.1875,3.75],"rotation":0,"texture":"#0","tintindex":0},"west":{"uv":[8.8125,6.4375,8.875,6.5625],"rotation":0,"texture":"#0","tintindex":0},"up":{"uv":[6.1875,0.375,5.8125,0.3125],"rotation":0,"texture":"#0","tintindex":0},"down":{"uv":[7.0,3.375,6.625,3.4375],"rotation":0,"texture":"#0","tintindex":0}}},{"from":[7.6571426,7.457143,5.8285713],"to":[8.571428,11.228572,6.6285715],"rotation":{"angle":22.5,"axis":"z","origin":[7.0857143,7.8,7.885714]},"faces":{"east":{"uv":[0.5625,8.375,0.625,8.8125],"rotation":0,"texture":"#0","tintindex":0},"south":{"uv":[3.125,7.625,3.25,8.0625],"rotation":0,"texture":"#0","tintindex":0},"north":{"uv":[3.0,7.625,3.125,8.0625],"rotation":0,"texture":"#0","tintindex":0},"west":{"uv":[0.625,8.375,0.6875,8.8125],"rotation":0,"texture":"#0","tintindex":0},"up":{"uv":[8.9375,6.625,8.8125,6.5625],"rotation":0,"texture":"#0","tintindex":0},"down":{"uv":[8.9375,6.625,8.8125,6.6875],"rotation":0,"texture":"#0","tintindex":0}}},{"from":[5.028571,8.6,6.742857],"to":[8.228572,9.742857,9.6],"rotation":{"angle":22.5,"axis":"z","origin":[7.0857143,7.8,7.885714]},"faces":{"east":{"uv":[8.0,7.8125,8.3125,7.9375],"rotation":0,"texture":"#0","tintindex":0},"south":{"uv":[7.8125,4.8125,8.1875,4.9375],"rotation":0,"texture":"#0","tintindex":0},"north":{"uv":[7.8125,4.6875,8.1875,4.8125],"rotation":0,"texture":"#0","tintindex":0},"west":{"uv":[8.0625,0.0,8.375,0.125],"rotation":0,"texture":"#0","tintindex":0},"up":{"uv":[6.3125,2.25,5.9375,1.9375],"rotation":0,"texture":"#0","tintindex":0},"down":{"uv":[5.1875,5.9375,4.8125,6.25],"rotation":0,"texture":"#0","tintindex":0}}}],"display":{"head":{"translation":[0.0,-6.4,0.0],"scale":[4.0,4.0,4.0]}}}