{"textures":{"0":"modelengine:entity/knight"},"elements":[{"from":[6.285714,1.742857,6.6285715],"to":[9.6,8.828571,9.828571],"rotation":{"angle":0.0,"axis":"y","origin":[10.4,16.142857,8.0]},"faces":{"east":{"uv":[3.5,4.25,3.875,5.0],"rotation":0,"texture":"#0","tintindex":0},"south":{"uv":[4.3125,0.4375,4.6875,1.1875],"rotation":0,"texture":"#0","tintindex":0},"north":{"uv":[3.125,4.25,3.5,5.0],"rotation":0,"texture":"#0","tintindex":0},"west":{"uv":[0.0,4.375,0.375,5.125],"rotation":0,"texture":"#0","tintindex":0},"up":{"uv":[1.4375,5.5,1.0625,5.125],"rotation":0,"texture":"#0","tintindex":0},"down":{"uv":[5.75,0.4375,5.375,0.8125],"rotation":0,"texture":"#0","tintindex":0}}},{"from":[4.5714283,5.9714284,8.342857],"to":[9.142858,8.828571,11.428572],"rotation":{"angle":-22.5,"axis":"z","origin":[8.457143,6.428571,9.942858]},"faces":{"east":{"uv":[6.5,5.375,6.8125,5.6875],"rotation":0,"texture":"#0","tintindex":0},"south":{"uv":[5.1875,2.4375,5.6875,2.75],"rotation":0,"texture":"#0","tintindex":0},"north":{"uv":[5.125,1.125,5.625,1.4375],"rotation":0,"texture":"#0","tintindex":0},"west":{"uv":[4.125,6.5625,4.4375,6.875],"rotation":0,"texture":"#0","tintindex":0},"up":{"uv":[5.6875,3.625,5.1875,3.3125],"rotation":0,"texture":"#0","tintindex":0},"down":{"uv":[5.6875,3.625,5.1875,3.9375],"rotation":0,"texture":"#0","tintindex":0}}},{"from":[5.485714,3.6857138,7.428571],"to":[7.6571426,7.5714283,10.514286],"rotation":{"angle":0.0,"axis":"y","origin":[8.457143,6.428571,9.942858]},"faces":{"east":{"uv":[5.5,2.875,5.8125,3.3125],"rotation":0,"texture":"#0","tintindex":0},"south":{"uv":[5.625,6.125,5.875,6.5625],"rotation":0,"texture":"#0","tintindex":0},"north":{"uv":[4.625,3.5625,4.875,4.0],"rotation":0,"texture":"#0","tintindex":0},"west":{"uv":[3.125,5.625,3.4375,6.0625],"rotation":0,"texture":"#0","tintindex":0},"up":{"uv":[1.75,7.3125,1.5,7.0],"rotation":0,"texture":"#0","tintindex":0},"down":{"uv":[2.875,7.0,2.625,7.3125],"rotation":0,"texture":"#0","tintindex":0}}},{"from":[6.9714284,3.3428574,5.8285713],"to":[9.028571,7.0,7.0857143],"rotation":{"angle":-22.5,"axis":"x","origin":[8.114285,5.3999996,6.4]},"faces":{"east":{"uv":[4.25,7.6875,4.375,8.0625],"rotation":0,"texture":"#0","tintindex":0},"south":{"uv":[6.4375,6.6875,6.6875,7.0625],"rotation":0,"texture":"#0","tintindex":0},"north":{"uv":[4.6875,6.6875,4.9375,7.0625],"rotation":0,"texture":"#0","tintindex":0},"west":{"uv":[4.375,7.6875,4.5,8.0625],"rotation":0,"texture":"#0","tintindex":0},"up":{"uv":[8.5,3.1875,8.25,3.0625],"rotation":0,"texture":"#0","tintindex":0},"down":{"uv":[8.5,3.1875,8.25,3.3125],"rotation":0,"texture":"#0","tintindex":0}}},{"from":[7.428571,6.428571,5.3714285],"to":[8.571428,7.9142857,6.285714],"rotation":{"angle":0.0,"axis":"y","origin":[8.114285,5.3999996,6.4]},"faces":{"east":{"uv":[1.9375,8.5,2.0625,8.6875],"rotation":0,"texture":"#0","tintindex":0},"south":{"uv":[8.5,2.1875,8.625,2.375],"rotation":0,"texture":"#0","tintindex":0},"north":{"uv":[1.6875,8.5,1.8125,8.6875],"rotation":0,"texture":"#0","tintindex":0},"west":{"uv":[8.5,2.375,8.625,2.5625],"rotation":0,"texture":"#0","tintindex":0},"up":{"uv":[8.8125,4.5,8.6875,4.375],"rotation":0,"texture":"#0","tintindex":0},"down":{"uv":[5.1875,8.6875,5.0625,8.8125],"rotation":0,"texture":"#0","tintindex":0}}}],"display":{"head":{"translation":[0.0,-6.4,0.0],"scale":[4.0,4.0,4.0]}}}