{"textures":{"0":"modelengine:entity/knight"},"elements":[{"from":[7.2,5.9714284,5.942857],"to":[9.142858,8.485714,9.828571],"rotation":{"angle":0.0,"axis":"y","origin":[8.0,7.2285714,7.885714]},"faces":{"east":{"uv":[6.125,4.5625,6.5625,4.8125],"rotation":0,"texture":"#0","tintindex":0},"south":{"uv":[4.9375,7.6875,5.125,7.9375],"rotation":0,"texture":"#0","tintindex":0},"north":{"uv":[7.6875,2.25,7.875,2.5],"rotation":0,"texture":"#0","tintindex":0},"west":{"uv":[6.1875,0.0,6.625,0.25],"rotation":0,"texture":"#0","tintindex":0},"up":{"uv":[4.3125,7.3125,4.125,6.875],"rotation":0,"texture":"#0","tintindex":0},"down":{"uv":[4.5,6.875,4.3125,7.3125],"rotation":0,"texture":"#0","tintindex":0}}},{"from":[6.5142856,5.9714284,6.742857],"to":[7.2,9.285714,7.7714286],"rotation":{"angle":22.5,"axis":"x","origin":[8.0,7.2285714,7.885714]},"faces":{"east":{"uv":[7.6875,4.9375,7.8125,5.3125],"rotation":0,"texture":"#0","tintindex":0},"south":{"uv":[1.25,8.375,1.3125,8.75],"rotation":0,"texture":"#0","tintindex":0},"north":{"uv":[4.1875,5.8125,4.25,6.1875],"rotation":0,"texture":"#0","tintindex":0},"west":{"uv":[7.6875,5.3125,7.8125,5.6875],"rotation":0,"texture":"#0","tintindex":0},"up":{"uv":[4.75,8.9375,4.6875,8.8125],"rotation":0,"texture":"#0","tintindex":0},"down":{"uv":[5.625,8.8125,5.5625,8.9375],"rotation":0,"texture":"#0","tintindex":0}}},{"from":[9.028571,5.9714284,6.742857],"to":[9.714286,8.485714,7.7714286],"rotation":{"angle":22.5,"axis":"x","origin":[8.0,7.2285714,7.885714]},"faces":{"east":{"uv":[3.375,8.25,3.5,8.5],"rotation":0,"texture":"#0","tintindex":0},"south":{"uv":[7.75,8.5625,7.8125,8.8125],"rotation":0,"texture":"#0","tintindex":0},"north":{"uv":[7.5625,0.0,7.625,0.25],"rotation":0,"texture":"#0","tintindex":0},"west":{"uv":[3.5,8.25,3.625,8.5],"rotation":0,"texture":"#0","tintindex":0},"up":{"uv":[5.6875,8.9375,5.625,8.8125],"rotation":0,"texture":"#0","tintindex":0},"down":{"uv":[5.75,8.8125,5.6875,8.9375],"rotation":0,"texture":"#0","tintindex":0}}},{"from":[6.285714,5.9714284,8.228572],"to":[7.2,8.828571,9.257143],"rotation":{"angle":0.0,"axis":"y","origin":[8.0,7.2285714,7.885714]},"faces":{"east":{"uv":[8.0,6.625,8.125,6.9375],"rotation":0,"texture":"#0","tintindex":0},"south":{"uv":[0.0,8.0625,0.125,8.375],"rotation":0,"texture":"#0","tintindex":0},"north":{"uv":[6.5625,8.0,6.6875,8.3125],"rotation":0,"texture":"#0","tintindex":0},"west":{"uv":[0.125,8.0625,0.25,8.375],"rotation":0,"texture":"#0","tintindex":0},"up":{"uv":[8.8125,6.0,8.6875,5.875],"rotation":0,"texture":"#0","tintindex":0},"down":{"uv":[8.8125,6.0,8.6875,6.125],"rotation":0,"texture":"#0","tintindex":0}}},{"from":[7.0857143,7.0,4.2285714],"to":[8.228572,7.8,5.942857],"rotation":{"angle":22.5,"axis":"z","origin":[8.0,7.2285714,8.457143]},"faces":{"east":{"uv":[8.0625,7.625,8.25,7.6875],"rotation":0,"texture":"#0","tintindex":0},"south":{"uv":[8.8125,5.75,8.9375,5.8125],"rotation":0,"texture":"#0","tintindex":0},"north":{"uv":[5.75,8.8125,5.875,8.875],"rotation":0,"texture":"#0","tintindex":0},"west":{"uv":[8.125,5.5,8.3125,5.5625],"rotation":0,"texture":"#0","tintindex":0},"up":{"uv":[8.625,4.0,8.5,3.8125],"rotation":0,"texture":"#0","tintindex":0},"down":{"uv":[4.0,8.5,3.875,8.6875],"rotation":0,"texture":"#0","tintindex":0}}},{"from":[7.7714286,7.3428574,3.771428],"to":[9.257143,8.257143,5.942857],"rotation":{"angle":-22.5,"axis":"z","origin":[8.0,7.2285714,8.457143]},"faces":{"east":{"uv":[3.625,8.25,3.875,8.375],"rotation":0,"texture":"#0","tintindex":0},"south":{"uv":[8.5,4.0,8.6875,4.125],"rotation":0,"texture":"#0","tintindex":0},"north":{"uv":[4.0,8.5,4.1875,8.625],"rotation":0,"texture":"#0","tintindex":0},"west":{"uv":[8.25,3.8125,8.5,3.9375],"rotation":0,"texture":"#0","tintindex":0},"up":{"uv":[5.5625,7.9375,5.375,7.6875],"rotation":0,"texture":"#0","tintindex":0},"down":{"uv":[6.9375,7.6875,6.75,7.9375],"rotation":0,"texture":"#0","tintindex":0}}},{"from":[6.857143,6.0857143,3.5428567],"to":[9.6,7.3428574,7.0857143],"rotation":{"angle":0.0,"axis":"y","origin":[10.742857,30.77143,8.457143]},"faces":{"east":{"uv":[7.6875,5.6875,8.0625,5.8125],"rotation":0,"texture":"#0","tintindex":0},"south":{"uv":[8.0,5.5625,8.3125,5.6875],"rotation":0,"texture":"#0","tintindex":0},"north":{"uv":[7.9375,3.5,8.25,3.625],"rotation":0,"texture":"#0","tintindex":0},"west":{"uv":[7.6875,6.9375,8.0625,7.0625],"rotation":0,"texture":"#0","tintindex":0},"up":{"uv":[1.375,6.1875,1.0625,5.8125],"rotation":0,"texture":"#0","tintindex":0},"down":{"uv":[2.3125,5.8125,2.0,6.1875],"rotation":0,"texture":"#0","tintindex":0}}},{"from":[7.542857,6.3142858,2.3999996],"to":[9.257143,7.3428574,4.457143],"rotation":{"angle":22.5,"axis":"x","origin":[8.457143,6.6571426,2.9714284]},"faces":{"east":{"uv":[3.875,8.25,4.125,8.375],"rotation":0,"texture":"#0","tintindex":0},"south":{"uv":[8.5,4.25,8.6875,4.375],"rotation":0,"texture":"#0","tintindex":0},"north":{"uv":[8.5,4.125,8.6875,4.25],"rotation":0,"texture":"#0","tintindex":0},"west":{"uv":[8.25,3.9375,8.5,4.0625],"rotation":0,"texture":"#0","tintindex":0},"up":{"uv":[7.125,7.9375,6.9375,7.6875],"rotation":0,"texture":"#0","tintindex":0},"down":{"uv":[7.875,7.4375,7.6875,7.6875],"rotation":0,"texture":"#0","tintindex":0}}},{"from":[7.428571,6.142857,8.114285],"to":[9.485714,8.2,10.514286],"rotation":{"angle":-22.5,"axis":"x","origin":[10.742857,6.942857,10.171429]},"faces":{"east":{"uv":[2.75,7.375,3.0,7.625],"rotation":0,"texture":"#0","tintindex":0},"south":{"uv":[7.375,2.9375,7.625,3.1875],"rotation":0,"texture":"#0","tintindex":0},"north":{"uv":[7.375,0.375,7.625,0.625],"rotation":0,"texture":"#0","tintindex":0},"west":{"uv":[3.0,7.375,3.25,7.625],"rotation":0,"texture":"#0","tintindex":0},"up":{"uv":[7.625,3.4375,7.375,3.1875],"rotation":0,"texture":"#0","tintindex":0},"down":{"uv":[3.5,7.375,3.25,7.625],"rotation":0,"texture":"#0","tintindex":0}}}],"display":{"head":{"translation":[0.0,-6.4,0.0],"scale":[4.0,4.0,4.0]}}}