{"textures":{"0":"modelengine:entity/knight"},"elements":[{"from":[6.0571427,7.1142855,6.6285715],"to":[7.2,8.942857,7.6571426],"rotation":{"angle":45.0,"axis":"z","origin":[8.0,7.9142857,8.457143]},"faces":{"east":{"uv":[2.9375,8.5,3.0625,8.6875],"rotation":0,"texture":"#0","tintindex":0},"south":{"uv":[8.5,3.0,8.625,3.1875],"rotation":0,"texture":"#0","tintindex":0},"north":{"uv":[8.5,2.8125,8.625,3.0],"rotation":0,"texture":"#0","tintindex":0},"west":{"uv":[3.25,8.5,3.375,8.6875],"rotation":0,"texture":"#0","tintindex":0},"up":{"uv":[5.6875,8.8125,5.5625,8.6875],"rotation":0,"texture":"#0","tintindex":0},"down":{"uv":[5.8125,8.6875,5.6875,8.8125],"rotation":0,"texture":"#0","tintindex":0}}},{"from":[10.514286,3.3428574,6.6285715],"to":[11.657143,5.1714287,7.7714286],"rotation":{"angle":-45.0,"axis":"z","origin":[13.485715,7.9142857,8.457143]},"faces":{"east":{"uv":[3.5,8.5,3.625,8.6875],"rotation":0,"texture":"#0","tintindex":0},"south":{"uv":[3.625,8.5,3.75,8.6875],"rotation":0,"texture":"#0","tintindex":0},"north":{"uv":[3.375,8.5,3.5,8.6875],"rotation":0,"texture":"#0","tintindex":0},"west":{"uv":[3.75,8.5,3.875,8.6875],"rotation":0,"texture":"#0","tintindex":0},"up":{"uv":[8.8125,5.875,8.6875,5.75],"rotation":0,"texture":"#0","tintindex":0},"down":{"uv":[5.9375,8.6875,5.8125,8.8125],"rotation":0,"texture":"#0","tintindex":0}}},{"from":[7.428571,6.7714286,6.0571427],"to":[8.914286,9.971429,7.2],"rotation":{"angle":0.0,"axis":"y","origin":[10.742857,23.0,8.457143]},"faces":{"east":{"uv":[4.5,7.6875,4.625,8.0625],"rotation":0,"texture":"#0","tintindex":0},"south":{"uv":[4.9375,7.3125,5.125,7.6875],"rotation":0,"texture":"#0","tintindex":0},"north":{"uv":[4.5,7.3125,4.6875,7.6875],"rotation":0,"texture":"#0","tintindex":0},"west":{"uv":[4.8125,7.6875,4.9375,8.0625],"rotation":0,"texture":"#0","tintindex":0},"up":{"uv":[8.5625,6.9375,8.375,6.8125],"rotation":0,"texture":"#0","tintindex":0},"down":{"uv":[8.625,7.1875,8.4375,7.3125],"rotation":0,"texture":"#0","tintindex":0}}},{"from":[8.342857,1.742857,6.5142856],"to":[9.028571,6.428571,7.2],"rotation":{"angle":0.0,"axis":"y","origin":[10.742857,23.0,8.457143]},"faces":{"east":{"uv":[6.125,8.0625,6.1875,8.5625],"rotation":0,"texture":"#0","tintindex":0},"south":{"uv":[7.75,8.0625,7.8125,8.5625],"rotation":0,"texture":"#0","tintindex":0},"north":{"uv":[1.6875,6.5,1.75,7.0],"rotation":0,"texture":"#0","tintindex":0},"west":{"uv":[6.6875,8.1875,6.75,8.6875],"rotation":0,"texture":"#0","tintindex":0},"up":{"uv":[8.9375,0.5625,8.875,0.5],"rotation":0,"texture":"#0","tintindex":0},"down":{"uv":[0.625,8.875,0.5625,8.9375],"rotation":0,"texture":"#0","tintindex":0}}},{"from":[7.2,1.742857,6.5142856],"to":[7.885714,6.428571,7.2],"rotation":{"angle":0.0,"axis":"y","origin":[10.742857,23.0,8.457143]},"faces":{"east":{"uv":[2.5,8.25,2.5625,8.75],"rotation":0,"texture":"#0","tintindex":0},"south":{"uv":[2.5625,8.25,2.625,8.75],"rotation":0,"texture":"#0","tintindex":0},"north":{"uv":[0.875,8.25,0.9375,8.75],"rotation":0,"texture":"#0","tintindex":0},"west":{"uv":[2.625,8.25,2.6875,8.75],"rotation":0,"texture":"#0","tintindex":0},"up":{"uv":[8.9375,0.625,8.875,0.5625],"rotation":0,"texture":"#0","tintindex":0},"down":{"uv":[0.6875,8.875,0.625,8.9375],"rotation":0,"texture":"#0","tintindex":0}}},{"from":[6.9714284,0.5999999,7.2],"to":[9.485714,8.828571,10.057143],"rotation":{"angle":0.0,"axis":"y","origin":[10.742857,6.0857143,8.457143]},"faces":{"east":{"uv":[3.875,4.5625,4.1875,5.4375],"rotation":0,"texture":"#0","tintindex":0},"south":{"uv":[4.75,4.75,5.0,5.625],"rotation":0,"texture":"#0","tintindex":0},"north":{"uv":[4.5,4.75,4.75,5.625],"rotation":0,"texture":"#0","tintindex":0},"west":{"uv":[4.1875,4.5625,4.5,5.4375],"rotation":0,"texture":"#0","tintindex":0},"up":{"uv":[4.0,7.3125,3.75,7.0],"rotation":0,"texture":"#0","tintindex":0},"down":{"uv":[7.25,5.75,7.0,6.0625],"rotation":0,"texture":"#0","tintindex":0}}},{"from":[7.2,3.4571428,10.285714],"to":[9.142858,6.542857,11.2],"rotation":{"angle":22.5,"axis":"x","origin":[10.742857,6.0857143,8.457143]},"faces":{"east":{"uv":[8.0,5.8125,8.125,6.125],"rotation":0,"texture":"#0","tintindex":0},"south":{"uv":[7.5,5.25,7.6875,5.5625],"rotation":0,"texture":"#0","tintindex":0},"north":{"uv":[7.5,4.9375,7.6875,5.25],"rotation":0,"texture":"#0","tintindex":0},"west":{"uv":[8.0,6.125,8.125,6.4375],"rotation":0,"texture":"#0","tintindex":0},"up":{"uv":[8.6875,0.375,8.5,0.25],"rotation":0,"texture":"#0","tintindex":0},"down":{"uv":[8.6875,1.8125,8.5,1.9375],"rotation":0,"texture":"#0","tintindex":0}}},{"from":[7.3142858,5.0571427,9.942858],"to":[9.028571,8.028571,10.971429],"rotation":{"angle":0.0,"axis":"y","origin":[10.742857,6.0857143,8.457143]},"faces":{"east":{"uv":[6.1875,8.0,6.3125,8.3125],"rotation":0,"texture":"#0","tintindex":0},"south":{"uv":[7.5,6.9375,7.6875,7.25],"rotation":0,"texture":"#0","tintindex":0},"north":{"uv":[7.5,5.5625,7.6875,5.875],"rotation":0,"texture":"#0","tintindex":0},"west":{"uv":[6.4375,8.0,6.5625,8.3125],"rotation":0,"texture":"#0","tintindex":0},"up":{"uv":[8.6875,2.6875,8.5,2.5625],"rotation":0,"texture":"#0","tintindex":0},"down":{"uv":[8.6875,3.1875,8.5,3.3125],"rotation":0,"texture":"#0","tintindex":0}}},{"from":[6.5142856,1.8571424,7.542857],"to":[6.9714284,7.9142857,9.3714285],"rotation":{"angle":0.0,"axis":"y","origin":[10.742857,23.0,8.457143]},"faces":{"east":{"uv":[2.4375,5.5,2.625,6.1875],"rotation":0,"texture":"#0","tintindex":0},"south":{"uv":[0.75,7.75,0.8125,8.4375],"rotation":0,"texture":"#0","tintindex":0},"north":{"uv":[2.6875,7.6875,2.75,8.375],"rotation":0,"texture":"#0","tintindex":0},"west":{"uv":[5.6875,5.4375,5.875,6.125],"rotation":0,"texture":"#0","tintindex":0},"up":{"uv":[8.4375,8.9375,8.375,8.75],"rotation":0,"texture":"#0","tintindex":0},"down":{"uv":[8.5,8.75,8.4375,8.9375],"rotation":0,"texture":"#0","tintindex":0}}},{"from":[7.3142858,4.2571425,7.428571],"to":[8.342857,8.3714285,9.714286],"rotation":{"angle":22.5,"axis":"z","origin":[6.1714287,4.714286,8.457143]},"faces":{"east":{"uv":[1.0625,6.1875,1.3125,6.625],"rotation":0,"texture":"#0","tintindex":0},"south":{"uv":[1.25,7.625,1.375,8.0625],"rotation":0,"texture":"#0","tintindex":0},"north":{"uv":[7.625,0.0,7.75,0.4375],"rotation":0,"texture":"#0","tintindex":0},"west":{"uv":[2.0,6.1875,2.25,6.625],"rotation":0,"texture":"#0","tintindex":0},"up":{"uv":[3.375,8.5,3.25,8.25],"rotation":0,"texture":"#0","tintindex":0},"down":{"uv":[8.375,3.3125,8.25,3.5625],"rotation":0,"texture":"#0","tintindex":0}}}],"display":{"head":{"translation":[0.0,-6.4,0.0],"scale":[4.0,4.0,4.0]}}}