{"textures":{"0":"modelengine:entity/knight"},"elements":[{"from":[6.857143,5.9714284,5.942857],"to":[8.8,8.485714,9.828571],"rotation":{"angle":0.0,"axis":"y","origin":[8.0,7.2285714,7.885714]},"faces":{"east":{"uv":[6.1875,0.6875,6.625,0.9375],"rotation":0,"texture":"#0","tintindex":0},"south":{"uv":[7.75,2.75,7.9375,3.0],"rotation":0,"texture":"#0","tintindex":0},"north":{"uv":[7.75,2.5,7.9375,2.75],"rotation":0,"texture":"#0","tintindex":0},"west":{"uv":[6.3125,1.9375,6.75,2.1875],"rotation":0,"texture":"#0","tintindex":0},"up":{"uv":[6.25,7.375,6.0625,6.9375],"rotation":0,"texture":"#0","tintindex":0},"down":{"uv":[6.4375,6.9375,6.25,7.375],"rotation":0,"texture":"#0","tintindex":0}}},{"from":[8.8,5.9714284,6.742857],"to":[9.485714,9.285714,7.7714286],"rotation":{"angle":22.5,"axis":"x","origin":[8.0,7.2285714,7.885714]},"faces":{"east":{"uv":[7.75,3.0,7.875,3.375],"rotation":0,"texture":"#0","tintindex":0},"south":{"uv":[0.75,8.4375,0.8125,8.8125],"rotation":0,"texture":"#0","tintindex":0},"north":{"uv":[4.3125,8.375,4.375,8.75],"rotation":0,"texture":"#0","tintindex":0},"west":{"uv":[7.75,3.9375,7.875,4.3125],"rotation":0,"texture":"#0","tintindex":0},"up":{"uv":[8.875,5.9375,8.8125,5.8125],"rotation":0,"texture":"#0","tintindex":0},"down":{"uv":[5.9375,8.8125,5.875,8.9375],"rotation":0,"texture":"#0","tintindex":0}}},{"from":[6.285714,5.9714284,6.742857],"to":[6.9714284,8.485714,7.7714286],"rotation":{"angle":22.5,"axis":"x","origin":[8.0,7.2285714,7.885714]},"faces":{"east":{"uv":[6.875,8.25,7.0,8.5],"rotation":0,"texture":"#0","tintindex":0},"south":{"uv":[2.375,8.6875,2.4375,8.9375],"rotation":0,"texture":"#0","tintindex":0},"north":{"uv":[4.125,8.625,4.1875,8.875],"rotation":0,"texture":"#0","tintindex":0},"west":{"uv":[7.0,8.25,7.125,8.5],"rotation":0,"texture":"#0","tintindex":0},"up":{"uv":[8.875,6.0625,8.8125,5.9375],"rotation":0,"texture":"#0","tintindex":0},"down":{"uv":[8.875,6.0625,8.8125,6.1875],"rotation":0,"texture":"#0","tintindex":0}}},{"from":[8.8,5.9714284,8.228572],"to":[9.714286,8.828571,9.257143],"rotation":{"angle":0.0,"axis":"y","origin":[8.0,7.2285714,7.885714]},"faces":{"east":{"uv":[1.0625,8.0625,1.1875,8.375],"rotation":0,"texture":"#0","tintindex":0},"south":{"uv":[1.1875,8.0625,1.3125,8.375],"rotation":0,"texture":"#0","tintindex":0},"north":{"uv":[8.0625,0.6875,8.1875,1.0],"rotation":0,"texture":"#0","tintindex":0},"west":{"uv":[8.0625,1.25,8.1875,1.5625],"rotation":0,"texture":"#0","tintindex":0},"up":{"uv":[8.8125,6.9375,8.6875,6.8125],"rotation":0,"texture":"#0","tintindex":0},"down":{"uv":[7.0625,8.6875,6.9375,8.8125],"rotation":0,"texture":"#0","tintindex":0}}},{"from":[7.7714286,7.0,4.2285714],"to":[8.914286,7.8,5.942857],"rotation":{"angle":-22.5,"axis":"z","origin":[8.0,7.2285714,8.457143]},"faces":{"east":{"uv":[8.375,4.375,8.5625,4.4375],"rotation":0,"texture":"#0","tintindex":0},"south":{"uv":[8.8125,6.25,8.9375,6.3125],"rotation":0,"texture":"#0","tintindex":0},"north":{"uv":[8.8125,6.1875,8.9375,6.25],"rotation":0,"texture":"#0","tintindex":0},"west":{"uv":[8.75,0.125,8.9375,0.1875],"rotation":0,"texture":"#0","tintindex":0},"up":{"uv":[1.9375,8.75,1.8125,8.5625],"rotation":0,"texture":"#0","tintindex":0},"down":{"uv":[3.1875,8.5625,3.0625,8.75],"rotation":0,"texture":"#0","tintindex":0}}},{"from":[6.742857,7.3428574,3.771428],"to":[8.228572,8.257143,5.942857],"rotation":{"angle":22.5,"axis":"z","origin":[8.0,7.2285714,8.457143]},"faces":{"east":{"uv":[8.25,6.4375,8.5,6.5625],"rotation":0,"texture":"#0","tintindex":0},"south":{"uv":[8.5625,3.3125,8.75,3.4375],"rotation":0,"texture":"#0","tintindex":0},"north":{"uv":[8.5625,2.6875,8.75,2.8125],"rotation":0,"texture":"#0","tintindex":0},"west":{"uv":[8.25,6.9375,8.5,7.0625],"rotation":0,"texture":"#0","tintindex":0},"up":{"uv":[7.9375,3.625,7.75,3.375],"rotation":0,"texture":"#0","tintindex":0},"down":{"uv":[7.9375,4.3125,7.75,4.5625],"rotation":0,"texture":"#0","tintindex":0}}},{"from":[6.4,6.0857143,3.5428567],"to":[9.142858,7.3428574,7.0857143],"rotation":{"angle":0.0,"axis":"y","origin":[5.2571425,30.77143,8.457143]},"faces":{"east":{"uv":[7.6875,7.0625,8.0625,7.1875],"rotation":0,"texture":"#0","tintindex":0},"south":{"uv":[8.0,7.6875,8.3125,7.8125],"rotation":0,"texture":"#0","tintindex":0},"north":{"uv":[8.0,7.3125,8.3125,7.4375],"rotation":0,"texture":"#0","tintindex":0},"west":{"uv":[7.75,4.5625,8.125,4.6875],"rotation":0,"texture":"#0","tintindex":0},"up":{"uv":[4.1875,6.1875,3.875,5.8125],"rotation":0,"texture":"#0","tintindex":0},"down":{"uv":[6.125,3.9375,5.8125,4.3125],"rotation":0,"texture":"#0","tintindex":0}}},{"from":[6.742857,6.3142858,2.3999996],"to":[8.457143,7.3428574,4.457143],"rotation":{"angle":22.5,"axis":"x","origin":[7.542857,6.6571426,2.9714284]},"faces":{"east":{"uv":[8.25,7.4375,8.5,7.5625],"rotation":0,"texture":"#0","tintindex":0},"south":{"uv":[8.5625,3.5625,8.75,3.6875],"rotation":0,"texture":"#0","tintindex":0},"north":{"uv":[8.5625,3.4375,8.75,3.5625],"rotation":0,"texture":"#0","tintindex":0},"west":{"uv":[8.25,7.5625,8.5,7.6875],"rotation":0,"texture":"#0","tintindex":0},"up":{"uv":[7.9375,6.5,7.75,6.25],"rotation":0,"texture":"#0","tintindex":0},"down":{"uv":[0.3125,7.8125,0.125,8.0625],"rotation":0,"texture":"#0","tintindex":0}}},{"from":[6.5142856,6.142857,8.114285],"to":[8.571428,8.2,10.514286],"rotation":{"angle":-22.5,"axis":"x","origin":[5.2571425,6.942857,10.171429]},"faces":{"east":{"uv":[3.5,7.375,3.75,7.625],"rotation":0,"texture":"#0","tintindex":0},"south":{"uv":[7.375,3.6875,7.625,3.9375],"rotation":0,"texture":"#0","tintindex":0},"north":{"uv":[7.375,3.4375,7.625,3.6875],"rotation":0,"texture":"#0","tintindex":0},"west":{"uv":[7.375,4.4375,7.625,4.6875],"rotation":0,"texture":"#0","tintindex":0},"up":{"uv":[7.625,4.9375,7.375,4.6875],"rotation":0,"texture":"#0","tintindex":0},"down":{"uv":[7.625,6.0,7.375,6.25],"rotation":0,"texture":"#0","tintindex":0}}}],"display":{"head":{"translation":[0.0,-6.4,0.0],"scale":[4.0,4.0,4.0]}}}