{"textures":{"0":"modelengine:entity/knight"},"elements":[{"from":[6.4,1.742857,6.6285715],"to":[9.714286,8.828571,9.828571],"rotation":{"angle":0.0,"axis":"y","origin":[5.6,16.142857,8.0]},"faces":{"east":{"uv":[0.75,4.375,1.125,5.125],"rotation":0,"texture":"#0","tintindex":0},"south":{"uv":[1.125,4.375,1.5,5.125],"rotation":0,"texture":"#0","tintindex":0},"north":{"uv":[0.375,4.375,0.75,5.125],"rotation":0,"texture":"#0","tintindex":0},"west":{"uv":[4.5,4.0,4.875,4.75],"rotation":0,"texture":"#0","tintindex":0},"up":{"uv":[5.8125,0.375,5.4375,0.0],"rotation":0,"texture":"#0","tintindex":0},"down":{"uv":[4.25,5.4375,3.875,5.8125],"rotation":0,"texture":"#0","tintindex":0}}},{"from":[6.857143,5.9714284,8.342857],"to":[11.428572,8.828571,11.428572],"rotation":{"angle":22.5,"axis":"z","origin":[7.542857,6.428571,9.942858]},"faces":{"east":{"uv":[6.5625,4.25,6.875,4.5625],"rotation":0,"texture":"#0","tintindex":0},"south":{"uv":[5.25,5.125,5.75,5.4375],"rotation":0,"texture":"#0","tintindex":0},"north":{"uv":[5.25,4.8125,5.75,5.125],"rotation":0,"texture":"#0","tintindex":0},"west":{"uv":[5.5625,6.5625,5.875,6.875],"rotation":0,"texture":"#0","tintindex":0},"up":{"uv":[5.8125,4.25,5.3125,3.9375],"rotation":0,"texture":"#0","tintindex":0},"down":{"uv":[5.8125,4.25,5.3125,4.5625],"rotation":0,"texture":"#0","tintindex":0}}},{"from":[8.342857,3.6857138,7.428571],"to":[10.514286,7.5714283,10.514286],"rotation":{"angle":0.0,"axis":"y","origin":[7.542857,6.428571,9.942858]},"faces":{"east":{"uv":[3.4375,5.625,3.75,6.0625],"rotation":0,"texture":"#0","tintindex":0},"south":{"uv":[3.875,6.1875,4.125,6.625],"rotation":0,"texture":"#0","tintindex":0},"north":{"uv":[2.25,6.1875,2.5,6.625],"rotation":0,"texture":"#0","tintindex":0},"west":{"uv":[4.5,5.625,4.8125,6.0625],"rotation":0,"texture":"#0","tintindex":0},"up":{"uv":[7.3125,3.0,7.0625,2.6875],"rotation":0,"texture":"#0","tintindex":0},"down":{"uv":[3.125,7.0625,2.875,7.375],"rotation":0,"texture":"#0","tintindex":0}}},{"from":[6.9714284,3.3428574,5.8285713],"to":[9.028571,7.0,7.0857143],"rotation":{"angle":-22.5,"axis":"x","origin":[7.885714,5.3999996,6.4]},"faces":{"east":{"uv":[7.6875,7.6875,7.8125,8.0625],"rotation":0,"texture":"#0","tintindex":0},"south":{"uv":[6.75,0.0,7.0,0.375],"rotation":0,"texture":"#0","tintindex":0},"north":{"uv":[6.6875,6.6875,6.9375,7.0625],"rotation":0,"texture":"#0","tintindex":0},"west":{"uv":[7.75,0.0,7.875,0.375],"rotation":0,"texture":"#0","tintindex":0},"up":{"uv":[8.5,4.1875,8.25,4.0625],"rotation":0,"texture":"#0","tintindex":0},"down":{"uv":[4.375,8.25,4.125,8.375],"rotation":0,"texture":"#0","tintindex":0}}},{"from":[7.428571,6.428571,5.3714285],"to":[8.571428,7.9142857,6.285714],"rotation":{"angle":0.0,"axis":"y","origin":[7.885714,5.3999996,6.4]},"faces":{"east":{"uv":[6.75,8.5,6.875,8.6875],"rotation":0,"texture":"#0","tintindex":0},"south":{"uv":[6.875,8.5,7.0,8.6875],"rotation":0,"texture":"#0","tintindex":0},"north":{"uv":[8.5,4.5625,8.625,4.75],"rotation":0,"texture":"#0","tintindex":0},"west":{"uv":[7.0,8.5,7.125,8.6875],"rotation":0,"texture":"#0","tintindex":0},"up":{"uv":[8.8125,6.25,8.6875,6.125],"rotation":0,"texture":"#0","tintindex":0},"down":{"uv":[8.8125,6.4375,8.6875,6.5625],"rotation":0,"texture":"#0","tintindex":0}}}],"display":{"head":{"translation":[0.0,-6.4,0.0],"scale":[4.0,4.0,4.0]}}}