{"textures":{"0":"modelengine:entity/knight"},"elements":[{"from":[6.0571427,6.7714286,6.1714287],"to":[10.285714,9.171429,9.142858],"rotation":{"angle":-22.5,"axis":"z","origin":[8.914286,7.8,7.885714]},"faces":{"east":{"uv":[5.5625,7.0625,5.875,7.3125],"rotation":0,"texture":"#0","tintindex":0},"south":{"uv":[6.375,2.1875,6.8125,2.4375],"rotation":0,"texture":"#0","tintindex":0},"north":{"uv":[6.375,1.1875,6.8125,1.4375],"rotation":0,"texture":"#0","tintindex":0},"west":{"uv":[6.4375,7.0625,6.75,7.3125],"rotation":0,"texture":"#0","tintindex":0},"up":{"uv":[6.125,2.75,5.6875,2.4375],"rotation":0,"texture":"#0","tintindex":0},"down":{"uv":[6.125,3.3125,5.6875,3.625],"rotation":0,"texture":"#0","tintindex":0}}},{"from":[7.6571426,0.9428568,6.6285715],"to":[9.6,7.457143,8.8],"rotation":{"angle":0.0,"axis":"y","origin":[8.914286,7.8,7.885714]},"faces":{"east":{"uv":[0.25,5.125,0.5,5.8125],"rotation":0,"texture":"#0","tintindex":0},"south":{"uv":[0.0,5.8125,0.1875,6.5],"rotation":0,"texture":"#0","tintindex":0},"north":{"uv":[5.4375,5.75,5.625,6.4375],"rotation":0,"texture":"#0","tintindex":0},"west":{"uv":[5.125,0.4375,5.375,1.125],"rotation":0,"texture":"#0","tintindex":0},"up":{"uv":[8.0,7.9375,7.8125,7.6875],"rotation":0,"texture":"#0","tintindex":0},"down":{"uv":[8.0625,0.0,7.875,0.25],"rotation":0,"texture":"#0","tintindex":0}}},{"from":[9.6,1.8571424,6.9714284],"to":[10.6285715,7.457143,8.571428],"rotation":{"angle":0.0,"axis":"y","origin":[8.914286,7.8,7.885714]},"faces":{"east":{"uv":[6.0625,5.4375,6.25,6.0625],"rotation":0,"texture":"#0","tintindex":0},"south":{"uv":[6.875,7.0625,7.0,7.6875],"rotation":0,"texture":"#0","tintindex":0},"north":{"uv":[6.75,7.0625,6.875,7.6875],"rotation":0,"texture":"#0","tintindex":0},"west":{"uv":[5.875,6.0625,6.0625,6.6875],"rotation":0,"texture":"#0","tintindex":0},"up":{"uv":[8.75,0.1875,8.625,0.0],"rotation":0,"texture":"#0","tintindex":0},"down":{"uv":[8.75,0.875,8.625,1.0625],"rotation":0,"texture":"#0","tintindex":0}}},{"from":[6.742857,3.6857138,7.0857143],"to":[7.6571426,7.6857142,8.342857],"rotation":{"angle":0.0,"axis":"y","origin":[8.914286,7.8,7.885714]},"faces":{"east":{"uv":[7.625,3.25,7.75,3.6875],"rotation":0,"texture":"#0","tintindex":0},"south":{"uv":[3.375,7.625,3.5,8.0625],"rotation":0,"texture":"#0","tintindex":0},"north":{"uv":[3.25,7.625,3.375,8.0625],"rotation":0,"texture":"#0","tintindex":0},"west":{"uv":[3.5,7.625,3.625,8.0625],"rotation":0,"texture":"#0","tintindex":0},"up":{"uv":[8.875,3.0625,8.75,2.9375],"rotation":0,"texture":"#0","tintindex":0},"down":{"uv":[3.1875,8.75,3.0625,8.875],"rotation":0,"texture":"#0","tintindex":0}}},{"from":[9.257143,2.5428567,8.8],"to":[10.742857,7.457143,9.3714285],"rotation":{"angle":-22.5,"axis":"z","origin":[8.914286,7.8,7.885714]},"faces":{"east":{"uv":[4.875,8.0625,4.9375,8.625],"rotation":0,"texture":"#0","tintindex":0},"south":{"uv":[2.6875,6.4375,2.875,7.0],"rotation":0,"texture":"#0","tintindex":0},"north":{"uv":[2.5,6.4375,2.6875,7.0],"rotation":0,"texture":"#0","tintindex":0},"west":{"uv":[5.25,8.0625,5.3125,8.625],"rotation":0,"texture":"#0","tintindex":0},"up":{"uv":[9.0,1.75,8.8125,1.6875],"rotation":0,"texture":"#0","tintindex":0},"down":{"uv":[9.0,1.75,8.8125,1.8125],"rotation":0,"texture":"#0","tintindex":0}}},{"from":[9.257143,2.5428567,6.0571427],"to":[10.742857,7.457143,6.6285715],"rotation":{"angle":-22.5,"axis":"z","origin":[8.914286,7.8,7.885714]},"faces":{"east":{"uv":[5.3125,8.0625,5.375,8.625],"rotation":0,"texture":"#0","tintindex":0},"south":{"uv":[4.5,6.4375,4.6875,7.0],"rotation":0,"texture":"#0","tintindex":0},"north":{"uv":[6.4375,2.875,6.625,3.4375],"rotation":0,"texture":"#0","tintindex":0},"west":{"uv":[6.0625,8.0625,6.125,8.625],"rotation":0,"texture":"#0","tintindex":0},"up":{"uv":[9.0,1.875,8.8125,1.8125],"rotation":0,"texture":"#0","tintindex":0},"down":{"uv":[9.0,1.875,8.8125,1.9375],"rotation":0,"texture":"#0","tintindex":0}}},{"from":[8.571428,6.7714286,5.8285713],"to":[9.485714,10.542857,6.6285715],"rotation":{"angle":-45.0,"axis":"z","origin":[8.914286,7.8,7.885714]},"faces":{"east":{"uv":[0.6875,8.375,0.75,8.8125],"rotation":0,"texture":"#0","tintindex":0},"south":{"uv":[7.625,4.25,7.75,4.6875],"rotation":0,"texture":"#0","tintindex":0},"north":{"uv":[3.625,7.625,3.75,8.0625],"rotation":0,"texture":"#0","tintindex":0},"west":{"uv":[0.9375,8.375,1.0,8.8125],"rotation":0,"texture":"#0","tintindex":0},"up":{"uv":[8.9375,7.4375,8.8125,7.375],"rotation":0,"texture":"#0","tintindex":0},"down":{"uv":[8.9375,7.75,8.8125,7.8125],"rotation":0,"texture":"#0","tintindex":0}}},{"from":[8.8,7.1142855,9.142858],"to":[12.342857,8.028571,9.942858],"rotation":{"angle":22.5,"axis":"z","origin":[8.914286,7.8,7.885714]},"faces":{"east":{"uv":[7.75,8.8125,7.8125,8.9375],"rotation":0,"texture":"#0","tintindex":0},"south":{"uv":[7.875,2.25,8.25,2.375],"rotation":0,"texture":"#0","tintindex":0},"north":{"uv":[7.875,0.25,8.25,0.375],"rotation":0,"texture":"#0","tintindex":0},"west":{"uv":[8.8125,7.8125,8.875,7.9375],"rotation":0,"texture":"#0","tintindex":0},"up":{"uv":[7.375,1.5625,7.0,1.5],"rotation":0,"texture":"#0","tintindex":0},"down":{"uv":[8.0625,7.1875,7.6875,7.25],"rotation":0,"texture":"#0","tintindex":0}}},{"from":[7.428571,7.457143,5.8285713],"to":[8.342857,11.228572,6.6285715],"rotation":{"angle":-22.5,"axis":"z","origin":[8.914286,7.8,7.885714]},"faces":{"east":{"uv":[1.0,8.375,1.0625,8.8125],"rotation":0,"texture":"#0","tintindex":0},"south":{"uv":[6.0625,7.625,6.1875,8.0625],"rotation":0,"texture":"#0","tintindex":0},"north":{"uv":[5.25,7.625,5.375,8.0625],"rotation":0,"texture":"#0","tintindex":0},"west":{"uv":[1.0625,8.375,1.125,8.8125],"rotation":0,"texture":"#0","tintindex":0},"up":{"uv":[8.0625,8.875,7.9375,8.8125],"rotation":0,"texture":"#0","tintindex":0},"down":{"uv":[8.9375,7.9375,8.8125,8.0],"rotation":0,"texture":"#0","tintindex":0}}},{"from":[7.7714286,8.6,6.742857],"to":[10.971429,9.742857,9.6],"rotation":{"angle":-22.5,"axis":"z","origin":[8.914286,7.8,7.885714]},"faces":{"east":{"uv":[8.0625,0.125,8.375,0.25],"rotation":0,"texture":"#0","tintindex":0},"south":{"uv":[7.875,3.0,8.25,3.125],"rotation":0,"texture":"#0","tintindex":0},"north":{"uv":[7.875,2.375,8.25,2.5],"rotation":0,"texture":"#0","tintindex":0},"west":{"uv":[1.9375,8.0625,2.25,8.1875],"rotation":0,"texture":"#0","tintindex":0},"up":{"uv":[6.3125,5.25,5.9375,4.9375],"rotation":0,"texture":"#0","tintindex":0},"down":{"uv":[6.4375,6.0625,6.0625,6.375],"rotation":0,"texture":"#0","tintindex":0}}}],"display":{"head":{"translation":[0.0,-6.4,0.0],"scale":[4.0,4.0,4.0]}}}