{"textures":{"0":"modelengine:entity/knight"},"elements":[{"from":[7.0857143,7.1142855,7.314288],"to":[8.457143,8.485714,13.714288],"rotation":{"angle":0.0,"axis":"y","origin":[8.0,9.514286,10.057145]},"faces":{"east":{"uv":[6.75,3.9375,7.4375,4.0625],"rotation":0,"texture":"#0","tintindex":0},"south":{"uv":[8.75,2.8125,8.875,2.9375],"rotation":0,"texture":"#0","tintindex":0},"north":{"uv":[8.75,2.6875,8.875,2.8125],"rotation":0,"texture":"#0","tintindex":0},"west":{"uv":[6.75,4.0625,7.4375,4.1875],"rotation":0,"texture":"#0","tintindex":0},"up":{"uv":[4.125,7.3125,4.0,6.625],"rotation":0,"texture":"#0","tintindex":0},"down":{"uv":[3.75,6.6875,3.625,7.375],"rotation":0,"texture":"#0","tintindex":0}}},{"from":[7.0857143,6.2,6.857145],"to":[8.457143,9.4,7.314288],"rotation":{"angle":0.0,"axis":"y","origin":[8.0,9.514286,10.057145]},"faces":{"east":{"uv":[7.6875,8.4375,7.75,8.8125],"rotation":0,"texture":"#0","tintindex":0},"south":{"uv":[7.4375,7.8125,7.5625,8.1875],"rotation":0,"texture":"#0","tintindex":0},"north":{"uv":[7.3125,7.8125,7.4375,8.1875],"rotation":0,"texture":"#0","tintindex":0},"west":{"uv":[2.0625,8.5,2.125,8.875],"rotation":0,"texture":"#0","tintindex":0},"up":{"uv":[8.9375,7.3125,8.8125,7.25],"rotation":0,"texture":"#0","tintindex":0},"down":{"uv":[8.9375,7.3125,8.8125,7.375],"rotation":0,"texture":"#0","tintindex":0}}},{"from":[7.3142858,6.6571426,-12.342855],"to":[8.228572,8.942857,6.857145],"rotation":{"angle":0.0,"axis":"y","origin":[8.0,9.514286,10.057145]},"faces":{"east":{"uv":[1.75,2.9375,3.875,3.1875],"rotation":0,"texture":"#0","tintindex":0},"south":{"uv":[8.3125,6.0625,8.4375,6.3125],"rotation":0,"texture":"#0","tintindex":0},"north":{"uv":[7.9375,8.25,8.0625,8.5],"rotation":0,"texture":"#0","tintindex":0},"west":{"uv":[1.75,3.1875,3.875,3.4375],"rotation":0,"texture":"#0","tintindex":0},"up":{"uv":[1.625,6.5,1.5,4.375],"rotation":0,"texture":"#0","tintindex":0},"down":{"uv":[1.75,4.375,1.625,6.5],"rotation":0,"texture":"#0","tintindex":0}}},{"from":[7.428571,7.1142855,-14.171429],"to":[8.114285,8.485714,-12.342855],"rotation":{"angle":0.0,"axis":"y","origin":[8.0,9.514286,10.057145]},"faces":{"east":{"uv":[8.5625,6.3125,8.75,6.4375],"rotation":0,"texture":"#0","tintindex":0},"south":{"uv":[7.6875,8.8125,7.75,8.9375],"rotation":0,"texture":"#0","tintindex":0},"north":{"uv":[8.8125,7.625,8.875,7.75],"rotation":0,"texture":"#0","tintindex":0},"west":{"uv":[8.5625,7.0625,8.75,7.1875],"rotation":0,"texture":"#0","tintindex":0},"up":{"uv":[0.125,9.0,0.0625,8.8125],"rotation":0,"texture":"#0","tintindex":0},"down":{"uv":[8.875,0.25,8.8125,0.4375],"rotation":0,"texture":"#0","tintindex":0}}},{"from":[7.7714286,5.742857,-16.0],"to":[7.7714286,9.857143,6.857145],"rotation":{"angle":0.0,"axis":"y","origin":[8.0,9.514286,10.057145]},"faces":{"east":{"uv":[4.796875,8.9375,2.0,9.625],"rotation":0,"texture":"#0","tintindex":0},"south":{"uv":[0.0,0.0,0.0,0.4375],"rotation":0,"texture":"#0","tintindex":0},"north":{"uv":[0.0,0.0,0.0,0.4375],"rotation":0,"texture":"#0","tintindex":0},"west":{"uv":[2.0,8.9375,4.796875,9.625],"rotation":0,"texture":"#0","tintindex":0},"up":{"uv":[0.0,2.5,0.0,0.0],"rotation":0,"texture":"#0","tintindex":0},"down":{"uv":[0.0,0.0,0.0,2.5],"rotation":0,"texture":"#0","tintindex":0}}},{"from":[8.457143,8.6,5.942859],"to":[8.914286,9.057143,7.8857164],"rotation":{"angle":0.0,"axis":"y","origin":[8.0,9.514286,10.057145]},"faces":{"east":{"uv":[8.75,7.4375,8.9375,7.5],"rotation":0,"texture":"#0","tintindex":0},"south":{"uv":[1.4375,8.875,1.5,8.9375],"rotation":0,"texture":"#0","tintindex":0},"north":{"uv":[8.875,1.1875,8.9375,1.25],"rotation":0,"texture":"#0","tintindex":0},"west":{"uv":[8.75,7.5,8.9375,7.5625],"rotation":0,"texture":"#0","tintindex":0},"up":{"uv":[0.4375,9.0,0.375,8.8125],"rotation":0,"texture":"#0","tintindex":0},"down":{"uv":[0.5,8.8125,0.4375,9.0],"rotation":0,"texture":"#0","tintindex":0}}},{"from":[6.6285715,8.6,5.942859],"to":[7.0857143,9.057143,7.8857164],"rotation":{"angle":0.0,"axis":"y","origin":[8.0,9.514286,10.057145]},"faces":{"east":{"uv":[8.8125,0.4375,9.0,0.5],"rotation":0,"texture":"#0","tintindex":0},"south":{"uv":[8.875,1.5,8.9375,1.5625],"rotation":0,"texture":"#0","tintindex":0},"north":{"uv":[1.5,8.875,1.5625,8.9375],"rotation":0,"texture":"#0","tintindex":0},"west":{"uv":[0.5,8.8125,0.6875,8.875],"rotation":0,"texture":"#0","tintindex":0},"up":{"uv":[8.875,0.6875,8.8125,0.5],"rotation":0,"texture":"#0","tintindex":0},"down":{"uv":[0.75,8.8125,0.6875,9.0],"rotation":0,"texture":"#0","tintindex":0}}},{"from":[6.6285715,6.542857,5.942859],"to":[7.0857143,7.0,7.8857164],"rotation":{"angle":0.0,"axis":"y","origin":[8.0,9.514286,10.057145]},"faces":{"east":{"uv":[8.8125,0.6875,9.0,0.75],"rotation":0,"texture":"#0","tintindex":0},"south":{"uv":[8.875,1.5625,8.9375,1.625],"rotation":0,"texture":"#0","tintindex":0},"north":{"uv":[1.5625,8.875,1.625,8.9375],"rotation":0,"texture":"#0","tintindex":0},"west":{"uv":[8.8125,0.75,9.0,0.8125],"rotation":0,"texture":"#0","tintindex":0},"up":{"uv":[0.8125,9.0,0.75,8.8125],"rotation":0,"texture":"#0","tintindex":0},"down":{"uv":[0.875,8.8125,0.8125,9.0],"rotation":0,"texture":"#0","tintindex":0}}},{"from":[7.542857,5.742857,5.942859],"to":[8.0,6.2,7.7714305],"rotation":{"angle":0.0,"axis":"y","origin":[8.0,9.514286,10.057145]},"faces":{"east":{"uv":[8.8125,0.8125,9.0,0.875],"rotation":0,"texture":"#0","tintindex":0},"south":{"uv":[8.875,1.625,8.9375,1.6875],"rotation":0,"texture":"#0","tintindex":0},"north":{"uv":[1.625,8.875,1.6875,8.9375],"rotation":0,"texture":"#0","tintindex":0},"west":{"uv":[0.9375,8.8125,1.125,8.875],"rotation":0,"texture":"#0","tintindex":0},"up":{"uv":[8.875,1.25,8.8125,1.0625],"rotation":0,"texture":"#0","tintindex":0},"down":{"uv":[1.1875,8.8125,1.125,9.0],"rotation":0,"texture":"#0","tintindex":0}}},{"from":[7.542857,9.4,5.942859],"to":[8.0,9.857143,7.7714305],"rotation":{"angle":0.0,"axis":"y","origin":[8.0,9.514286,10.057145]},"faces":{"east":{"uv":[8.8125,1.25,9.0,1.3125],"rotation":0,"texture":"#0","tintindex":0},"south":{"uv":[1.875,8.875,1.9375,8.9375],"rotation":0,"texture":"#0","tintindex":0},"north":{"uv":[1.8125,8.875,1.875,8.9375],"rotation":0,"texture":"#0","tintindex":0},"west":{"uv":[8.8125,1.3125,9.0,1.375],"rotation":0,"texture":"#0","tintindex":0},"up":{"uv":[1.25,9.0,1.1875,8.8125],"rotation":0,"texture":"#0","tintindex":0},"down":{"uv":[1.375,8.8125,1.3125,9.0],"rotation":0,"texture":"#0","tintindex":0}}},{"from":[8.457143,6.542857,5.942859],"to":[8.914286,7.0,7.8857164],"rotation":{"angle":0.0,"axis":"y","origin":[8.0,9.514286,10.057145]},"faces":{"east":{"uv":[8.8125,1.375,9.0,1.4375],"rotation":0,"texture":"#0","tintindex":0},"south":{"uv":[8.875,2.0,8.9375,2.0625],"rotation":0,"texture":"#0","tintindex":0},"north":{"uv":[8.875,1.9375,8.9375,2.0],"rotation":0,"texture":"#0","tintindex":0},"west":{"uv":[8.8125,1.4375,9.0,1.5],"rotation":0,"texture":"#0","tintindex":0},"up":{"uv":[1.4375,9.0,1.375,8.8125],"rotation":0,"texture":"#0","tintindex":0},"down":{"uv":[8.875,1.5,8.8125,1.6875],"rotation":0,"texture":"#0","tintindex":0}}},{"from":[6.9714284,7.0,13.714288],"to":[8.571428,8.6,14.628574],"rotation":{"angle":0.0,"axis":"y","origin":[8.0,9.514286,10.057145]},"faces":{"east":{"uv":[8.5625,8.3125,8.6875,8.5],"rotation":0,"texture":"#0","tintindex":0},"south":{"uv":[8.1875,0.5625,8.375,0.75],"rotation":0,"texture":"#0","tintindex":0},"north":{"uv":[8.1875,0.375,8.375,0.5625],"rotation":0,"texture":"#0","tintindex":0},"west":{"uv":[8.5625,8.5,8.6875,8.6875],"rotation":0,"texture":"#0","tintindex":0},"up":{"uv":[8.75,7.4375,8.5625,7.3125],"rotation":0,"texture":"#0","tintindex":0},"down":{"uv":[8.75,7.8125,8.5625,7.9375],"rotation":0,"texture":"#0","tintindex":0}}}],"display":{"head":{"translation":[0.0,-6.4,-10.057152],"scale":[4.0,4.0,4.0]}}}