{"textures":{"1":"modelengine:entity/horse"},"elements":[{"from":[6.765714,0.8457136,6.822857],"to":[9.234285,7.84,9.291429],"rotation":{"angle":0.0,"axis":"y","origin":[1.8285708,25.942858,8.468572]},"faces":{"east":{"uv":[8.625,10.5,8.875,11.25],"rotation":0,"texture":"#1","tintindex":0},"south":{"uv":[2.75,10.625,3.0,11.375],"rotation":0,"texture":"#1","tintindex":0},"north":{"uv":[4.625,10.5,4.875,11.25],"rotation":0,"texture":"#1","tintindex":0},"west":{"uv":[10.625,6.5625,10.875,7.3125],"rotation":0,"texture":"#1","tintindex":0},"up":{"uv":[3.4375,12.125,3.1875,11.875],"rotation":0,"texture":"#1","tintindex":0},"down":{"uv":[3.6875,11.875,3.4375,12.125],"rotation":0,"texture":"#1","tintindex":0}}},{"from":[8.308572,0.6399994,6.4114285],"to":[9.954286,7.634286,8.262857],"rotation":{"angle":45.0,"axis":"y","origin":[8.0,2.9028568,8.468572]},"faces":{"east":{"uv":[2.75,11.375,2.9375,12.125],"rotation":0,"texture":"#1","tintindex":0},"south":{"uv":[10.875,11.375,11.0625,12.125],"rotation":0,"texture":"#1","tintindex":0},"north":{"uv":[8.625,11.25,8.8125,12.0],"rotation":0,"texture":"#1","tintindex":0},"west":{"uv":[11.4375,2.8125,11.625,3.5625],"rotation":0,"texture":"#1","tintindex":0},"up":{"uv":[9.1875,12.25,9.0,12.0625],"rotation":0,"texture":"#1","tintindex":0},"down":{"uv":[9.375,12.0625,9.1875,12.25],"rotation":0,"texture":"#1","tintindex":0}}}],"display":{"head":{"translation":[0.0,-6.4,0.0],"scale":[4.0,4.0,4.0]}}}