{"textures":{"1":"modelengine:entity/horse"},"elements":[{"from":[3.2685714,2.548571,6.4114285],"to":[12.731428,12.834286,18.342857],"rotation":{"angle":0.0,"axis":"y","origin":[7.794286,-17.714287,3.9428568]},"faces":{"east":{"uv":[1.5625,0.0,2.875,1.125],"rotation":0,"texture":"#1","tintindex":0},"south":{"uv":[0.0,4.0625,1.0625,5.1875],"rotation":0,"texture":"#1","tintindex":0},"north":{"uv":[3.9375,0.0,5.0,1.125],"rotation":0,"texture":"#1","tintindex":0},"west":{"uv":[1.5625,1.125,2.875,2.25],"rotation":0,"texture":"#1","tintindex":0},"up":{"uv":[1.0625,4.0625,0.0,2.75],"rotation":0,"texture":"#1","tintindex":0},"down":{"uv":[3.9375,0.0,2.875,1.3125],"rotation":0,"texture":"#1","tintindex":0}}},{"from":[4.9142857,2.7542853,2.297143],"to":[11.085714,10.571428,14.228571],"rotation":{"angle":-22.5,"axis":"x","origin":[8.205714,7.3828573,8.468572]},"faces":{"east":{"uv":[4.5625,1.125,5.875,2.0],"rotation":0,"texture":"#1","tintindex":0},"south":{"uv":[7.375,2.3125,8.0625,3.1875],"rotation":0,"texture":"#1","tintindex":0},"north":{"uv":[7.3125,5.0625,8.0,5.9375],"rotation":0,"texture":"#1","tintindex":0},"west":{"uv":[4.5625,2.0,5.875,2.875],"rotation":0,"texture":"#1","tintindex":0},"up":{"uv":[1.3125,7.0625,0.625,5.75],"rotation":0,"texture":"#1","tintindex":0},"down":{"uv":[2.0,5.75,1.3125,7.0625],"rotation":0,"texture":"#1","tintindex":0}}},{"from":[1.6228571,2.342857,10.422857],"to":[6.2514286,7.794286,21.428572],"rotation":{"angle":-22.5,"axis":"x","origin":[7.794286,7.3828573,13.405714]},"faces":{"east":{"uv":[6.6875,1.6875,7.875,2.3125],"rotation":0,"texture":"#1","tintindex":0},"south":{"uv":[9.5625,8.375,10.0625,9.0],"rotation":0,"texture":"#1","tintindex":0},"north":{"uv":[9.5625,0.75,10.0625,1.375],"rotation":0,"texture":"#1","tintindex":0},"west":{"uv":[6.75,4.4375,7.9375,5.0625],"rotation":0,"texture":"#1","tintindex":0},"up":{"uv":[7.9375,8.1875,7.4375,7.0],"rotation":0,"texture":"#1","tintindex":0},"down":{"uv":[5.625,7.5,5.125,8.6875],"rotation":0,"texture":"#1","tintindex":0}}},{"from":[1.6228571,7.794286,14.022858],"to":[3.9885712,9.954286,20.811428],"rotation":{"angle":-22.5,"axis":"x","origin":[7.794286,7.3828573,13.405714]},"faces":{"east":{"uv":[10.375,7.3125,11.125,7.5625],"rotation":0,"texture":"#1","tintindex":0},"south":{"uv":[11.875,2.375,12.125,2.625],"rotation":0,"texture":"#1","tintindex":0},"north":{"uv":[1.8125,11.875,2.0625,12.125],"rotation":0,"texture":"#1","tintindex":0},"west":{"uv":[10.375,9.125,11.125,9.375],"rotation":0,"texture":"#1","tintindex":0},"up":{"uv":[1.75,11.25,1.5,10.5],"rotation":0,"texture":"#1","tintindex":0},"down":{"uv":[2.0,10.5,1.75,11.25],"rotation":0,"texture":"#1","tintindex":0}}},{"from":[9.748571,2.342857,10.422857],"to":[14.377143,7.794286,21.428572],"rotation":{"angle":-22.5,"axis":"x","origin":[8.205714,7.3828573,13.405714]},"faces":{"east":{"uv":[7.9375,4.4375,6.75,5.0625],"rotation":0,"texture":"#1","tintindex":0},"south":{"uv":[10.0625,8.375,9.5625,9.0],"rotation":0,"texture":"#1","tintindex":0},"north":{"uv":[10.0625,0.75,9.5625,1.375],"rotation":0,"texture":"#1","tintindex":0},"west":{"uv":[7.875,1.6875,6.6875,2.3125],"rotation":0,"texture":"#1","tintindex":0},"up":{"uv":[7.4375,8.1875,7.9375,7.0],"rotation":0,"texture":"#1","tintindex":0},"down":{"uv":[5.125,7.5,5.625,8.6875],"rotation":0,"texture":"#1","tintindex":0}}},{"from":[12.011429,7.794286,14.022858],"to":[14.377143,9.954286,20.811428],"rotation":{"angle":-22.5,"axis":"x","origin":[8.205714,7.3828573,13.405714]},"faces":{"east":{"uv":[11.125,9.125,10.375,9.375],"rotation":0,"texture":"#1","tintindex":0},"south":{"uv":[12.125,2.375,11.875,2.625],"rotation":0,"texture":"#1","tintindex":0},"north":{"uv":[2.0625,11.875,1.8125,12.125],"rotation":0,"texture":"#1","tintindex":0},"west":{"uv":[11.125,7.3125,10.375,7.5625],"rotation":0,"texture":"#1","tintindex":0},"up":{"uv":[1.5,11.25,1.75,10.5],"rotation":0,"texture":"#1","tintindex":0},"down":{"uv":[1.75,10.5,2.0,11.25],"rotation":0,"texture":"#1","tintindex":0}}},{"from":[5.428571,4.7085714,9.702857],"to":[10.571428,14.171429,21.428572],"rotation":{"angle":0.0,"axis":"y","origin":[7.794286,-17.714287,3.9428568]},"faces":{"east":{"uv":[1.0625,3.5625,2.375,4.625],"rotation":0,"texture":"#1","tintindex":0},"south":{"uv":[7.4375,5.9375,8.0,7.0],"rotation":0,"texture":"#1","tintindex":0},"north":{"uv":[7.375,3.1875,7.9375,4.25],"rotation":0,"texture":"#1","tintindex":0},"west":{"uv":[2.375,3.5625,3.6875,4.625],"rotation":0,"texture":"#1","tintindex":0},"up":{"uv":[7.3125,6.375,6.75,5.0625],"rotation":0,"texture":"#1","tintindex":0},"down":{"uv":[7.4375,6.375,6.875,7.6875],"rotation":0,"texture":"#1","tintindex":0}}}],"display":{"head":{"translation":[0.0,-6.4,0.0],"scale":[4.0,4.0,4.0]}}}