{"textures":{"1":"modelengine:entity/horse"},"elements":[{"from":[5.8971424,-3.4171429,6.8685713],"to":[9.188572,5.634286,10.571428],"rotation":{"angle":0.0,"axis":"y","origin":[13.714286,14.685715,9.337143]},"faces":{"east":{"uv":[7.0625,8.875,7.4375,9.875],"rotation":0,"texture":"#1","tintindex":0},"south":{"uv":[7.4375,8.875,7.8125,9.875],"rotation":0,"texture":"#1","tintindex":0},"north":{"uv":[4.625,8.8125,5.0,9.8125],"rotation":0,"texture":"#1","tintindex":0},"west":{"uv":[8.9375,1.875,9.3125,2.875],"rotation":0,"texture":"#1","tintindex":0},"up":{"uv":[11.5625,0.5625,11.1875,0.1875],"rotation":0,"texture":"#1","tintindex":0},"down":{"uv":[0.9375,11.1875,0.5625,11.5625],"rotation":0,"texture":"#1","tintindex":0}}},{"from":[6.9,-3.4171429,11.188572],"to":[9.162857,1.9314284,13.348572],"rotation":{"angle":-45.0,"axis":"y","origin":[13.714286,14.685715,9.337143]},"faces":{"east":{"uv":[1.3125,8.1875,1.5625,8.75],"rotation":0,"texture":"#1","tintindex":0},"south":{"uv":[8.375,0.0,8.625,0.5625],"rotation":0,"texture":"#1","tintindex":0},"north":{"uv":[7.625,1.125,7.875,1.6875],"rotation":0,"texture":"#1","tintindex":0},"west":{"uv":[11.1875,3.4375,11.4375,4.0],"rotation":0,"texture":"#1","tintindex":0},"up":{"uv":[11.625,12.0625,11.375,11.8125],"rotation":0,"texture":"#1","tintindex":0},"down":{"uv":[12.0625,11.4375,11.8125,11.6875],"rotation":0,"texture":"#1","tintindex":0}}},{"from":[6.72,1.9314284,5.222857],"to":[9.188572,10.16,10.982857],"rotation":{"angle":0.0,"axis":"y","origin":[13.714286,14.685715,9.337143]},"faces":{"east":{"uv":[7.9375,3.1875,8.5625,4.0625],"rotation":0,"texture":"#1","tintindex":0},"south":{"uv":[0.0,9.9375,0.25,10.8125],"rotation":0,"texture":"#1","tintindex":0},"north":{"uv":[9.875,9.875,10.125,10.75],"rotation":0,"texture":"#1","tintindex":0},"west":{"uv":[7.9375,4.0625,8.5625,4.9375],"rotation":0,"texture":"#1","tintindex":0},"up":{"uv":[11.1875,9.0,10.9375,8.375],"rotation":0,"texture":"#1","tintindex":0},"down":{"uv":[10.3125,10.9375,10.0625,11.5625],"rotation":0,"texture":"#1","tintindex":0}}}],"display":{"head":{"translation":[0.0,-6.4,0.0],"scale":[4.0,4.0,4.0]}}}