{"textures":{"1":"modelengine:entity/horse"},"elements":[{"from":[7.0557714,11.977829,7.4128],"to":[8.944229,15.169691,9.712686],"rotation":{"angle":0.0,"axis":"y","origin":[8.477669,9.097829,14.008]},"faces":{"east":{"uv":[5.625,0.75,5.875,1.125],"rotation":0,"texture":"#1","tintindex":0},"south":{"uv":[9.375,7.5,9.5625,7.875],"rotation":0,"texture":"#1","tintindex":0},"north":{"uv":[7.25,7.6875,7.4375,8.0625],"rotation":0,"texture":"#1","tintindex":0},"west":{"uv":[10.0625,11.5625,10.3125,11.9375],"rotation":0,"texture":"#1","tintindex":0},"up":{"uv":[10.3125,5.875,10.125,5.625],"rotation":0,"texture":"#1","tintindex":0},"down":{"uv":[1.1875,11.9375,1.0,12.1875],"rotation":0,"texture":"#1","tintindex":0}}},{"from":[7.4445715,14.196931,7.653809],"to":[8.5554285,17.285938,9.287181],"rotation":{"angle":22.5,"axis":"x","origin":[8.644297,14.034971,9.893714]},"faces":{"east":{"uv":[5.625,6.3125,5.8125,6.625],"rotation":0,"texture":"#1","tintindex":0},"south":{"uv":[8.5,1.6875,8.625,2.0],"rotation":0,"texture":"#1","tintindex":0},"north":{"uv":[7.3125,5.9375,7.4375,6.25],"rotation":0,"texture":"#1","tintindex":0},"west":{"uv":[7.875,2.0,8.0625,2.3125],"rotation":0,"texture":"#1","tintindex":0},"up":{"uv":[6.5,4.0,6.375,3.8125],"rotation":0,"texture":"#1","tintindex":0},"down":{"uv":[9.375,11.0,9.25,11.1875],"rotation":0,"texture":"#1","tintindex":0}}},{"from":[7.6153145,16.055044,8.387597],"to":[8.3846855,19.14405,9.473768],"rotation":{"angle":45.0,"axis":"x","origin":[8.695725,16.092113,10.305143]},"faces":{"east":{"uv":[3.3125,9.0625,3.4375,9.375],"rotation":0,"texture":"#1","tintindex":0},"south":{"uv":[0.5625,6.75,0.625,7.0625],"rotation":0,"texture":"#1","tintindex":0},"north":{"uv":[5.125,6.0,5.1875,6.3125],"rotation":0,"texture":"#1","tintindex":0},"west":{"uv":[3.3125,9.375,3.4375,9.6875],"rotation":0,"texture":"#1","tintindex":0},"up":{"uv":[4.0625,8.0625,4.0,7.9375],"rotation":0,"texture":"#1","tintindex":0},"down":{"uv":[8.0,4.9375,7.9375,5.0625],"rotation":0,"texture":"#1","tintindex":0}}},{"from":[5.942857,8.291429,5.3885713],"to":[10.057143,11.994286,10.325714],"rotation":{"angle":0.0,"axis":"y","origin":[8.411428,8.702857,8.268572]},"faces":{"east":{"uv":[8.0,6.5625,8.5625,6.9375],"rotation":0,"texture":"#1","tintindex":0},"south":{"uv":[10.625,9.375,11.0625,9.75],"rotation":0,"texture":"#1","tintindex":0},"north":{"uv":[10.4375,1.125,10.875,1.5],"rotation":0,"texture":"#1","tintindex":0},"west":{"uv":[10.0,0.0,10.5625,0.375],"rotation":0,"texture":"#1","tintindex":0},"up":{"uv":[1.0625,5.75,0.625,5.1875],"rotation":0,"texture":"#1","tintindex":0},"down":{"uv":[9.875,9.875,9.4375,10.4375],"rotation":0,"texture":"#1","tintindex":0}}},{"from":[4.528571,8.934286,8.602858],"to":[5.942857,10.58,13.54],"rotation":{"angle":-45.0,"axis":"x","origin":[8.411428,8.702857,8.268572]},"faces":{"east":{"uv":[3.9375,1.125,4.5,1.3125],"rotation":0,"texture":"#1","tintindex":0},"south":{"uv":[8.5,11.625,8.625,11.8125],"rotation":0,"texture":"#1","tintindex":0},"north":{"uv":[11.4375,11.125,11.5625,11.3125],"rotation":0,"texture":"#1","tintindex":0},"west":{"uv":[5.875,2.6875,6.4375,2.875],"rotation":0,"texture":"#1","tintindex":0},"up":{"uv":[3.6875,5.1875,3.5625,4.625],"rotation":0,"texture":"#1","tintindex":0},"down":{"uv":[3.6875,5.1875,3.5625,5.75],"rotation":0,"texture":"#1","tintindex":0}}},{"from":[10.057143,8.934286,8.602858],"to":[11.471429,10.58,13.54],"rotation":{"angle":-45.0,"axis":"x","origin":[7.5885715,8.702857,8.268572]},"faces":{"east":{"uv":[7.375,4.25,7.9375,4.4375],"rotation":0,"texture":"#1","tintindex":0},"south":{"uv":[7.5625,11.6875,7.6875,11.875],"rotation":0,"texture":"#1","tintindex":0},"north":{"uv":[0.4375,11.6875,0.5625,11.875],"rotation":0,"texture":"#1","tintindex":0},"west":{"uv":[11.25,7.875,11.8125,8.0625],"rotation":0,"texture":"#1","tintindex":0},"up":{"uv":[8.625,1.6875,8.5,1.125],"rotation":0,"texture":"#1","tintindex":0},"down":{"uv":[5.125,8.8125,5.0,9.375],"rotation":0,"texture":"#1","tintindex":0}}},{"from":[6.765714,9.032,5.3885713],"to":[9.234285,12.5908575,11.045714],"rotation":{"angle":22.5,"axis":"x","origin":[8.411428,8.702857,8.268572]},"faces":{"east":{"uv":[4.5625,4.0,5.1875,4.375],"rotation":0,"texture":"#1","tintindex":0},"south":{"uv":[11.625,1.4375,11.875,1.8125],"rotation":0,"texture":"#1","tintindex":0},"north":{"uv":[11.5625,11.4375,11.8125,11.8125],"rotation":0,"texture":"#1","tintindex":0},"west":{"uv":[5.0,0.75,5.625,1.125],"rotation":0,"texture":"#1","tintindex":0},"up":{"uv":[8.5625,9.375,8.3125,8.75],"rotation":0,"texture":"#1","tintindex":0},"down":{"uv":[11.125,2.1875,10.875,2.8125],"rotation":0,"texture":"#1","tintindex":0}}},{"from":[5.1714287,5.72,4.771428],"to":[10.828571,11.891429,8.062857],"rotation":{"angle":-22.5,"axis":"x","origin":[8.462857,8.702857,8.268572]},"faces":{"east":{"uv":[8.625,5.875,9.0,6.5625],"rotation":0,"texture":"#1","tintindex":0},"south":{"uv":[2.8125,8.375,3.4375,9.0625],"rotation":0,"texture":"#1","tintindex":0},"north":{"uv":[7.25,8.1875,7.875,8.875],"rotation":0,"texture":"#1","tintindex":0},"west":{"uv":[3.75,9.625,4.125,10.3125],"rotation":0,"texture":"#1","tintindex":0},"up":{"uv":[7.3125,2.6875,6.6875,2.3125],"rotation":0,"texture":"#1","tintindex":0},"down":{"uv":[10.375,4.1875,9.75,4.5625],"rotation":0,"texture":"#1","tintindex":0}}},{"from":[5.582857,11.377143,3.6399999],"to":[10.417143,12.92,6.3142858],"rotation":{"angle":-45.0,"axis":"x","origin":[8.462857,8.702857,8.268572]},"faces":{"east":{"uv":[10.625,8.9375,10.9375,9.125],"rotation":0,"texture":"#1","tintindex":0},"south":{"uv":[11.5625,10.5625,12.0625,10.75],"rotation":0,"texture":"#1","tintindex":0},"north":{"uv":[11.5625,0.875,12.0625,1.0625],"rotation":0,"texture":"#1","tintindex":0},"west":{"uv":[11.1875,6.875,11.5,7.0625],"rotation":0,"texture":"#1","tintindex":0},"up":{"uv":[5.625,6.625,5.125,6.3125],"rotation":0,"texture":"#1","tintindex":0},"down":{"uv":[11.3125,5.1875,10.8125,5.5],"rotation":0,"texture":"#1","tintindex":0}}},{"from":[6.549714,10.142858,0.24571419],"to":[9.450286,13.125715,4.565714],"rotation":{"angle":-45.0,"axis":"x","origin":[8.483429,8.702857,8.268572]},"faces":{"east":{"uv":[10.875,2.8125,11.375,3.125],"rotation":0,"texture":"#1","tintindex":0},"south":{"uv":[11.5625,5.8125,11.875,6.125],"rotation":0,"texture":"#1","tintindex":0},"north":{"uv":[11.5625,5.5,11.875,5.8125],"rotation":0,"texture":"#1","tintindex":0},"west":{"uv":[10.875,3.125,11.375,3.4375],"rotation":0,"texture":"#1","tintindex":0},"up":{"uv":[11.1875,3.9375,10.875,3.4375],"rotation":0,"texture":"#1","tintindex":0},"down":{"uv":[11.1875,6.5625,10.875,7.0625],"rotation":0,"texture":"#1","tintindex":0}}},{"from":[6.9611425,10.142858,4.3599997],"to":[9.038857,11.891429,6.622857],"rotation":{"angle":-45.0,"axis":"x","origin":[8.483429,8.702857,8.268572]},"faces":{"east":{"uv":[6.625,7.5,6.875,7.6875],"rotation":0,"texture":"#1","tintindex":0},"south":{"uv":[9.0625,1.6875,9.3125,1.875],"rotation":0,"texture":"#1","tintindex":0},"north":{"uv":[7.375,0.5625,7.625,0.75],"rotation":0,"texture":"#1","tintindex":0},"west":{"uv":[11.3125,6.0625,11.5625,6.25],"rotation":0,"texture":"#1","tintindex":0},"up":{"uv":[1.4375,12.0625,1.1875,11.8125],"rotation":0,"texture":"#1","tintindex":0},"down":{"uv":[6.8125,11.8125,6.5625,12.0625],"rotation":0,"texture":"#1","tintindex":0}}},{"from":[6.2925715,7.0571427,0.24571419],"to":[9.707429,9.217143,5.182857],"rotation":{"angle":-22.5,"axis":"x","origin":[8.432,8.702857,8.268572]},"faces":{"east":{"uv":[11.0,0.8125,11.5625,1.0625],"rotation":0,"texture":"#1","tintindex":0},"south":{"uv":[1.8125,11.625,2.1875,11.875],"rotation":0,"texture":"#1","tintindex":0},"north":{"uv":[11.1875,0.5625,11.5625,0.8125],"rotation":0,"texture":"#1","tintindex":0},"west":{"uv":[11.0625,8.0625,11.625,8.3125],"rotation":0,"texture":"#1","tintindex":0},"up":{"uv":[10.4375,0.9375,10.0625,0.375],"rotation":0,"texture":"#1","tintindex":0},"down":{"uv":[3.125,10.0625,2.75,10.625],"rotation":0,