{"textures":{"1":"modelengine:entity/horse"},"elements":[{"from":[5.6685715,4.0073595,7.2529097],"to":[8.96,7.298788,10.544338],"rotation":{"angle":0.0,"axis":"y","origin":[1.1428566,33.21879,9.310053]},"faces":{"east":{"uv":[1.8125,11.25,2.1875,11.625],"rotation":0,"texture":"#1","tintindex":0},"south":{"uv":[2.1875,11.25,2.5625,11.625],"rotation":0,"texture":"#1","tintindex":0},"north":{"uv":[11.25,1.5,11.625,1.875],"rotation":0,"texture":"#1","tintindex":0},"west":{"uv":[11.25,4.0,11.625,4.375],"rotation":0,"texture":"#1","tintindex":0},"up":{"uv":[4.625,11.625,4.25,11.25],"rotation":0,"texture":"#1","tintindex":0},"down":{"uv":[11.625,4.375,11.25,4.75],"rotation":0,"texture":"#1","tintindex":0}}},{"from":[6.285714,7.298788,8.075767],"to":[8.342857,8.738789,8.69291],"rotation":{"angle":0.0,"axis":"y","origin":[1.1428566,33.21879,9.310053]},"faces":{"east":{"uv":[10.0,0.375,10.0625,0.5625],"rotation":0,"texture":"#1","tintindex":0},"south":{"uv":[12.0,4.0,12.25,4.1875],"rotation":0,"texture":"#1","tintindex":0},"north":{"uv":[12.0,3.8125,12.25,4.0],"rotation":0,"texture":"#1","tintindex":0},"west":{"uv":[10.0,0.5625,10.0625,0.75],"rotation":0,"texture":"#1","tintindex":0},"up":{"uv":[4.0,8.0625,3.75,8.0],"rotation":0,"texture":"#1","tintindex":0},"down":{"uv":[8.25,6.9375,8.0,7.0],"rotation":0,"texture":"#1","tintindex":0}}},{"from":[6.6971426,7.298788,7.767195],"to":[7.9314284,8.738789,10.235767],"rotation":{"angle":0.0,"axis":"y","origin":[1.1428566,33.21879,9.310053]},"faces":{"east":{"uv":[4.1875,12.0,4.4375,12.1875],"rotation":0,"texture":"#1","tintindex":0},"south":{"uv":[12.0625,10.5625,12.1875,10.75],"rotation":0,"texture":"#1","tintindex":0},"north":{"uv":[10.5,12.0625,10.625,12.25],"rotation":0,"texture":"#1","tintindex":0},"west":{"uv":[4.4375,12.0,4.6875,12.1875],"rotation":0,"texture":"#1","tintindex":0},"up":{"uv":[7.6875,11.6875,7.5625,11.4375],"rotation":0,"texture":"#1","tintindex":0},"down":{"uv":[2.5625,11.625,2.4375,11.875],"rotation":0,"texture":"#1","tintindex":0}}},{"from":[6.285714,7.298788,9.4129095],"to":[8.342857,8.738789,10.030052],"rotation":{"angle":0.0,"axis":"y","origin":[1.1428566,33.21879,9.310053]},"faces":{"east":{"uv":[10.0625,0.9375,10.125,1.125],"rotation":0,"texture":"#1","tintindex":0},"south":{"uv":[5.6875,12.0,5.9375,12.1875],"rotation":0,"texture":"#1","tintindex":0},"north":{"uv":[5.4375,12.0,5.6875,12.1875],"rotation":0,"texture":"#1","tintindex":0},"west":{"uv":[10.0625,1.125,10.125,1.3125],"rotation":0,"texture":"#1","tintindex":0},"up":{"uv":[8.5,7.0,8.25,6.9375],"rotation":0,"texture":"#1","tintindex":0},"down":{"uv":[4.4375,8.75,4.1875,8.8125],"rotation":0,"texture":"#1","tintindex":0}}},{"from":[5.3599997,4.0073595,6.841481],"to":[9.3714285,5.6530733,10.750052],"rotation":{"angle":0.0,"axis":"y","origin":[1.1428566,33.21879,9.310053]},"faces":{"east":{"uv":[8.0625,11.625,8.5,11.8125],"rotation":0,"texture":"#1","tintindex":0},"south":{"uv":[11.625,8.0625,12.0625,8.25],"rotation":0,"texture":"#1","tintindex":0},"north":{"uv":[11.625,7.6875,12.0625,7.875],"rotation":0,"texture":"#1","tintindex":0},"west":{"uv":[11.625,8.625,12.0625,8.8125],"rotation":0,"texture":"#1","tintindex":0},"up":{"uv":[8.625,10.6875,8.1875,10.25],"rotation":0,"texture":"#1","tintindex":0},"down":{"uv":[4.125,10.3125,3.6875,10.75],"rotation":0,"texture":"#1","tintindex":0}}},{"from":[5.977143,4.0073595,5.6071954],"to":[8.754286,6.6816454,7.561481],"rotation":{"angle":22.5,"axis":"x","origin":[1.1428566,3.1845021,7.2529097]},"faces":{"east":{"uv":[11.875,9.5625,12.0625,9.875],"rotation":0,"texture":"#1","tintindex":0},"south":{"uv":[9.25,11.5625,9.5625,11.875],"rotation":0,"texture":"#1","tintindex":0},"north":{"uv":[11.5625,8.3125,11.875,8.625],"rotation":0,"texture":"#1","tintindex":0},"west":{"uv":[11.875,9.875,12.0625,10.1875],"rotation":0,"texture":"#1","tintindex":0},"up":{"uv":[12.1875,9.375,11.875,9.1875],"rotation":0,"texture":"#1","tintindex":0},"down":{"uv":[12.1875,10.1875,11.875,10.375],"rotation":0,"texture":"#1","tintindex":0}}}],"display":{"head":{"translation":[0.0,-6.4,0.0],"scale":[4.0,4.0,4.0]}}}