{"textures":{"1":"modelengine:entity/horse"},"elements":[{"from":[6.3542857,2.8457136,6.4114285],"to":[9.645715,6.1371427,9.702857],"rotation":{"angle":0.0,"axis":"y","origin":[14.171429,32.057144,8.468572]},"faces":{"east":{"uv":[11.25,7.5,11.625,7.875],"rotation":0,"texture":"#1","tintindex":0},"south":{"uv":[11.3125,1.0625,11.6875,1.4375],"rotation":0,"texture":"#1","tintindex":0},"north":{"uv":[11.25,4.75,11.625,5.125],"rotation":0,"texture":"#1","tintindex":0},"west":{"uv":[11.3125,5.125,11.6875,5.5],"rotation":0,"texture":"#1","tintindex":0},"up":{"uv":[6.625,11.6875,6.25,11.3125],"rotation":0,"texture":"#1","tintindex":0},"down":{"uv":[11.5625,11.3125,11.1875,11.6875],"rotation":0,"texture":"#1","tintindex":0}}},{"from":[6.9714284,6.1371427,7.234286],"to":[9.028571,7.5771427,7.8514285],"rotation":{"angle":0.0,"axis":"y","origin":[14.171429,32.057144,8.468572]},"faces":{"east":{"uv":[3.6875,10.0625,3.75,10.25],"rotation":0,"texture":"#1","tintindex":0},"south":{"uv":[8.5625,12.0,8.8125,12.1875],"rotation":0,"texture":"#1","tintindex":0},"north":{"uv":[5.9375,12.0,6.1875,12.1875],"rotation":0,"texture":"#1","tintindex":0},"west":{"uv":[10.125,5.4375,10.1875,5.625],"rotation":0,"texture":"#1","tintindex":0},"up":{"uv":[6.25,9.4375,6.0,9.375],"rotation":0,"texture":"#1","tintindex":0},"down":{"uv":[10.0625,6.5625,9.8125,6.625],"rotation":0,"texture":"#1","tintindex":0}}},{"from":[7.3828573,6.1371427,6.9257145],"to":[8.617143,7.5771427,9.394286],"rotation":{"angle":0.0,"axis":"y","origin":[14.171429,32.057144,8.468572]},"faces":{"east":{"uv":[12.0625,0.875,12.3125,1.0625],"rotation":0,"texture":"#1","tintindex":0},"south":{"uv":[10.75,12.0625,10.875,12.25],"rotation":0,"texture":"#1","tintindex":0},"north":{"uv":[10.625,12.0625,10.75,12.25],"rotation":0,"texture":"#1","tintindex":0},"west":{"uv":[1.1875,12.0625,1.4375,12.25],"rotation":0,"texture":"#1","tintindex":0},"up":{"uv":[4.625,11.875,4.5,11.625],"rotation":0,"texture":"#1","tintindex":0},"down":{"uv":[9.25,11.625,9.125,11.875],"rotation":0,"texture":"#1","tintindex":0}}},{"from":[6.9714284,6.1371427,8.571428],"to":[9.028571,7.5771427,9.188572],"rotation":{"angle":0.0,"axis":"y","origin":[14.171429,32.057144,8.468572]},"faces":{"east":{"uv":[10.125,6.5625,10.1875,6.75],"rotation":0,"texture":"#1","tintindex":0},"south":{"uv":[12.0625,4.5625,12.3125,4.75],"rotation":0,"texture":"#1","tintindex":0},"north":{"uv":[3.6875,12.0625,3.9375,12.25],"rotation":0,"texture":"#1","tintindex":0},"west":{"uv":[10.125,6.75,10.1875,6.9375],"rotation":0,"texture":"#1","tintindex":0},"up":{"uv":[10.625,7.625,10.375,7.5625],"rotation":0,"texture":"#1","tintindex":0},"down":{"uv":[10.625,9.375,10.375,9.4375],"rotation":0,"texture":"#1","tintindex":0}}},{"from":[5.942857,2.8457136,6.0],"to":[9.954286,4.4914284,9.908571],"rotation":{"angle":0.0,"axis":"y","origin":[14.171429,32.057144,8.468572]},"faces":{"east":{"uv":[11.625,9.375,12.0625,9.5625],"rotation":0,"texture":"#1","tintindex":0},"south":{"uv":[0.0,11.6875,0.4375,11.875],"rotation":0,"texture":"#1","tintindex":0},"north":{"uv":[11.625,8.8125,12.0625,9.0],"rotation":0,"texture":"#1","tintindex":0},"west":{"uv":[11.6875,1.0625,12.125,1.25],"rotation":0,"texture":"#1","tintindex":0},"up":{"uv":[10.75,10.3125,10.3125,9.875],"rotation":0,"texture":"#1","tintindex":0},"down":{"uv":[10.75,10.3125,10.3125,10.75],"rotation":0,"texture":"#1","tintindex":0}}},{"from":[6.56,2.8457136,4.765714],"to":[9.337143,5.5199995,6.72],"rotation":{"angle":22.5,"axis":"x","origin":[14.171429,2.0228567,6.4114285]},"faces":{"east":{"uv":[10.3125,11.875,10.5,12.1875],"rotation":0,"texture":"#1","tintindex":0},"south":{"uv":[11.5625,9.9375,11.875,10.25],"rotation":0,"texture":"#1","tintindex":0},"north":{"uv":[11.5625,9.625,11.875,9.9375],"rotation":0,"texture":"#1","tintindex":0},"west":{"uv":[11.875,11.0,12.0625,11.3125],"rotation":0,"texture":"#1","tintindex":0},"up":{"uv":[12.1875,10.5625,11.875,10.375],"rotation":0,"texture":"#1","tintindex":0},"down":{"uv":[12.1875,11.6875,11.875,11.875],"rotation":0,"texture":"#1","tintindex":0}}}],"display":{"head":{"translation":[0.0,-6.4,0.0],"scale":[4.0,4.0,4.0]}}}