{"textures":{"1":"modelengine:entity/horse"},"elements":[{"from":[7.04,3.7599998,7.2799997],"to":[10.331429,7.051429,10.571428],"rotation":{"angle":0.0,"axis":"y","origin":[14.857143,32.971428,9.337143]},"faces":{"east":{"uv":[11.1875,5.5,11.5625,5.875],"rotation":0,"texture":"#1","tintindex":0},"south":{"uv":[11.1875,6.5,11.5625,6.875],"rotation":0,"texture":"#1","tintindex":0},"north":{"uv":[5.25,11.1875,5.625,11.5625],"rotation":0,"texture":"#1","tintindex":0},"west":{"uv":[11.1875,8.3125,11.5625,8.6875],"rotation":0,"texture":"#1","tintindex":0},"up":{"uv":[9.625,11.5625,9.25,11.1875],"rotation":0,"texture":"#1","tintindex":0},"down":{"uv":[11.5625,9.625,11.1875,10.0],"rotation":0,"texture":"#1","tintindex":0}}},{"from":[7.6571426,7.051429,8.102858],"to":[9.714286,8.491428,8.72],"rotation":{"angle":0.0,"axis":"y","origin":[14.857143,32.971428,9.337143]},"faces":{"east":{"uv":[4.5,1.125,4.5625,1.3125],"rotation":0,"texture":"#1","tintindex":0},"south":{"uv":[10.0,11.9375,10.25,12.125],"rotation":0,"texture":"#1","tintindex":0},"north":{"uv":[11.9375,0.6875,12.1875,0.875],"rotation":0,"texture":"#1","tintindex":0},"west":{"uv":[6.4375,2.6875,6.5,2.875],"rotation":0,"texture":"#1","tintindex":0},"up":{"uv":[3.6875,2.25,3.4375,2.1875],"rotation":0,"texture":"#1","tintindex":0},"down":{"uv":[7.0625,1.625,6.8125,1.6875],"rotation":0,"texture":"#1","tintindex":0}}},{"from":[8.068571,7.051429,7.794286],"to":[9.302857,8.491428,10.262857],"rotation":{"angle":0.0,"axis":"y","origin":[14.857143,32.971428,9.337143]},"faces":{"east":{"uv":[11.0625,11.9375,11.3125,12.125],"rotation":0,"texture":"#1","tintindex":0},"south":{"uv":[12.0625,9.9375,12.1875,10.125],"rotation":0,"texture":"#1","tintindex":0},"north":{"uv":[12.0625,9.75,12.1875,9.9375],"rotation":0,"texture":"#1","tintindex":0},"west":{"uv":[1.4375,12.0,1.6875,12.1875],"rotation":0,"texture":"#1","tintindex":0},"up":{"uv":[3.6875,11.625,3.5625,11.375],"rotation":0,"texture":"#1","tintindex":0},"down":{"uv":[11.1875,11.375,11.0625,11.625],"rotation":0,"texture":"#1","tintindex":0}}},{"from":[7.6571426,7.051429,9.440001],"to":[9.714286,8.491428,10.057143],"rotation":{"angle":0.0,"axis":"y","origin":[14.857143,32.971428,9.337143]},"faces":{"east":{"uv":[8.9375,9.625,9.0,9.8125],"rotation":0,"texture":"#1","tintindex":0},"south":{"uv":[2.3125,12.0,2.5625,12.1875],"rotation":0,"texture":"#1","tintindex":0},"north":{"uv":[2.0625,12.0,2.3125,12.1875],"rotation":0,"texture":"#1","tintindex":0},"west":{"uv":[2.75,9.8125,2.8125,10.0],"rotation":0,"texture":"#1","tintindex":0},"up":{"uv":[7.3125,1.6875,7.0625,1.625],"rotation":0,"texture":"#1","tintindex":0},"down":{"uv":[7.5625,1.625,7.3125,1.6875],"rotation":0,"texture":"#1","tintindex":0}}},{"from":[6.6285715,3.7599998,6.8685713],"to":[10.64,5.405714,10.7771435],"rotation":{"angle":0.0,"axis":"y","origin":[14.857143,32.971428,9.337143]},"faces":{"east":{"uv":[11.625,4.75,12.0625,4.9375],"rotation":0,"texture":"#1","tintindex":0},"south":{"uv":[11.625,4.9375,12.0625,5.125],"rotation":0,"texture":"#1","tintindex":0},"north":{"uv":[11.625,4.5625,12.0625,4.75],"rotation":0,"texture":"#1","tintindex":0},"west":{"uv":[11.625,7.5,12.0625,7.6875],"rotation":0,"texture":"#1","tintindex":0},"up":{"uv":[10.625,8.0625,10.1875,7.625],"rotation":0,"texture":"#1","tintindex":0},"down":{"uv":[10.625,9.4375,10.1875,9.875],"rotation":0,"texture":"#1","tintindex":0}}},{"from":[7.245714,3.7599998,5.634286],"to":[10.022858,6.4342856,7.5885715],"rotation":{"angle":22.5,"axis":"x","origin":[14.857143,2.9371428,7.2799997]},"faces":{"east":{"uv":[7.75,11.875,7.9375,12.1875],"rotation":0,"texture":"#1","tintindex":0},"south":{"uv":[11.5625,6.4375,11.875,6.75],"rotation":0,"texture":"#1","tintindex":0},"north":{"uv":[11.5625,6.125,11.875,6.4375],"rotation":0,"texture":"#1","tintindex":0},"west":{"uv":[11.875,8.25,12.0625,8.5625],"rotation":0,"texture":"#1","tintindex":0},"up":{"uv":[12.1875,9.1875,11.875,9.0],"rotation":0,"texture":"#1","tintindex":0},"down":{"uv":[9.4375,11.875,9.125,12.0625],"rotation":0,"texture":"#1","tintindex":0}}}],"display":{"head":{"translation":[0.0,-6.4,0.0],"scale":[4.0,4.0,4.0]}}}