{"textures":{"1":"modelengine:entity/horse"},"elements":[{"from":[6.3542857,2.8457136,6.4114285],"to":[9.645715,6.1371427,9.702857],"rotation":{"angle":0.0,"axis":"y","origin":[1.8285708,32.057144,8.468572]},"faces":{"east":{"uv":[11.4375,10.75,11.8125,11.125],"rotation":0,"texture":"#1","tintindex":0},"south":{"uv":[11.5,2.4375,11.875,2.8125],"rotation":0,"texture":"#1","tintindex":0},"north":{"uv":[11.4375,3.5625,11.8125,3.9375],"rotation":0,"texture":"#1","tintindex":0},"west":{"uv":[3.1875,11.5,3.5625,11.875],"rotation":0,"texture":"#1","tintindex":0},"up":{"uv":[11.875,7.25,11.5,6.875],"rotation":0,"texture":"#1","tintindex":0},"down":{"uv":[11.9375,0.1875,11.5625,0.5625],"rotation":0,"texture":"#1","tintindex":0}}},{"from":[6.9714284,6.1371427,7.234286],"to":[9.028571,7.5771427,7.8514285],"rotation":{"angle":0.0,"axis":"y","origin":[1.8285708,32.057144,8.468572]},"faces":{"east":{"uv":[10.125,6.9375,10.1875,7.125],"rotation":0,"texture":"#1","tintindex":0},"south":{"uv":[12.0625,4.9375,12.3125,5.125],"rotation":0,"texture":"#1","tintindex":0},"north":{"uv":[12.0625,4.75,12.3125,4.9375],"rotation":0,"texture":"#1","tintindex":0},"west":{"uv":[10.125,7.125,10.1875,7.3125],"rotation":0,"texture":"#1","tintindex":0},"up":{"uv":[10.6875,1.5625,10.4375,1.5],"rotation":0,"texture":"#1","tintindex":0},"down":{"uv":[10.75,8.125,10.5,8.1875],"rotation":0,"texture":"#1","tintindex":0}}},{"from":[7.3828573,6.1371427,6.9257145],"to":[8.617143,7.5771427,9.394286],"rotation":{"angle":0.0,"axis":"y","origin":[1.8285708,32.057144,8.468572]},"faces":{"east":{"uv":[12.0625,5.3125,12.3125,5.5],"rotation":0,"texture":"#1","tintindex":0},"south":{"uv":[12.0625,10.9375,12.1875,11.125],"rotation":0,"texture":"#1","tintindex":0},"north":{"uv":[12.0625,10.75,12.1875,10.9375],"rotation":0,"texture":"#1","tintindex":0},"west":{"uv":[12.0625,5.875,12.3125,6.0625],"rotation":0,"texture":"#1","tintindex":0},"up":{"uv":[10.0625,11.875,9.9375,11.625],"rotation":0,"texture":"#1","tintindex":0},"down":{"uv":[5.875,11.75,5.75,12.0],"rotation":0,"texture":"#1","tintindex":0}}},{"from":[6.9714284,6.1371427,8.571428],"to":[9.028571,7.5771427,9.188572],"rotation":{"angle":0.0,"axis":"y","origin":[1.8285708,32.057144,8.468572]},"faces":{"east":{"uv":[8.625,10.25,8.6875,10.4375],"rotation":0,"texture":"#1","tintindex":0},"south":{"uv":[12.0625,6.25,12.3125,6.4375],"rotation":0,"texture":"#1","tintindex":0},"north":{"uv":[12.0625,6.0625,12.3125,6.25],"rotation":0,"texture":"#1","tintindex":0},"west":{"uv":[8.875,10.5,8.9375,10.6875],"rotation":0,"texture":"#1","tintindex":0},"up":{"uv":[11.0,8.1875,10.75,8.125],"rotation":0,"texture":"#1","tintindex":0},"down":{"uv":[7.625,10.875,7.375,10.9375],"rotation":0,"texture":"#1","tintindex":0}}},{"from":[6.0457144,2.8457136,6.0],"to":[10.057143,4.4914284,9.908571],"rotation":{"angle":0.0,"axis":"y","origin":[1.8285708,32.057144,8.468572]},"faces":{"east":{"uv":[11.6875,2.1875,12.125,2.375],"rotation":0,"texture":"#1","tintindex":0},"south":{"uv":[3.5625,11.6875,4.0,11.875],"rotation":0,"texture":"#1","tintindex":0},"north":{"uv":[11.6875,1.25,12.125,1.4375],"rotation":0,"texture":"#1","tintindex":0},"west":{"uv":[11.6875,5.125,12.125,5.3125],"rotation":0,"texture":"#1","tintindex":0},"up":{"uv":[10.8125,5.0625,10.375,4.625],"rotation":0,"texture":"#1","tintindex":0},"down":{"uv":[10.8125,5.0625,10.375,5.5],"rotation":0,"texture":"#1","tintindex":0}}},{"from":[6.662857,2.8457136,4.765714],"to":[9.440001,5.5199995,6.72],"rotation":{"angle":22.5,"axis":"x","origin":[1.8285708,2.0228567,6.4114285]},"faces":{"east":{"uv":[11.875,11.875,12.0625,12.1875],"rotation":0,"texture":"#1","tintindex":0},"south":{"uv":[11.5625,11.125,11.875,11.4375],"rotation":0,"texture":"#1","tintindex":0},"north":{"uv":[11.5625,10.25,11.875,10.5625],"rotation":0,"texture":"#1","tintindex":0},"west":{"uv":[11.9375,0.0,12.125,0.3125],"rotation":0,"texture":"#1","tintindex":0},"up":{"uv":[12.25,0.5,11.9375,0.3125],"rotation":0,"texture":"#1","tintindex":0},"down":{"uv":[12.25,0.5,11.9375,0.6875],"rotation":0,"texture":"#1","tintindex":0}}}],"display":{"head":{"translation":[0.0,-6.4,0.0],"scale":[4.0,4.0,4.0]}}}