{"textures":{"1":"modelengine:entity/horse"},"elements":[{"from":[6.08,1.0171423,7.12],"to":[8.548572,8.011429,9.588572],"rotation":{"angle":0.0,"axis":"y","origin":[1.1428566,26.114286,8.765715]},"faces":{"east":{"uv":[10.375,8.375,10.625,9.125],"rotation":0,"texture":"#1","tintindex":0},"south":{"uv":[10.4375,0.375,10.6875,1.125],"rotation":0,"texture":"#1","tintindex":0},"north":{"uv":[7.125,10.375,7.375,11.125],"rotation":0,"texture":"#1","tintindex":0},"west":{"uv":[9.375,10.4375,9.625,11.1875],"rotation":0,"texture":"#1","tintindex":0},"up":{"uv":[1.0,12.125,0.75,11.875],"rotation":0,"texture":"#1","tintindex":0},"down":{"uv":[12.125,1.4375,11.875,1.6875],"rotation":0,"texture":"#1","tintindex":0}}},{"from":[7.5771427,0.81142807,6.502857],"to":[9.474286,7.805714,8.811429],"rotation":{"angle":45.0,"axis":"y","origin":[7.3142858,3.0742855,8.765715]},"faces":{"east":{"uv":[9.625,10.4375,9.875,11.1875],"rotation":0,"texture":"#1","tintindex":0},"south":{"uv":[1.625,11.25,1.8125,12.0],"rotation":0,"texture":"#1","tintindex":0},"north":{"uv":[1.4375,11.25,1.625,12.0],"rotation":0,"texture":"#1","tintindex":0},"west":{"uv":[1.25,10.5,1.5,11.25],"rotation":0,"texture":"#1","tintindex":0},"up":{"uv":[2.75,12.25,2.5625,12.0],"rotation":0,"texture":"#1","tintindex":0},"down":{"uv":[12.1875,3.125,12.0,3.375],"rotation":0,"texture":"#1","tintindex":0}}}],"display":{"head":{"translation":[0.0,-6.4,0.0],"scale":[4.0,4.0,4.0]}}}