{"textures":{"1":"modelengine:entity/horse"},"elements":[{"from":[6.8114285,-3.4171429,6.8685713],"to":[10.102858,5.634286,10.571428],"rotation":{"angle":0.0,"axis":"y","origin":[2.2857141,14.685715,9.337143]},"faces":{"east":{"uv":[8.9375,3.875,9.3125,4.875],"rotation":0,"texture":"#1","tintindex":0},"south":{"uv":[9.0,5.875,9.375,6.875],"rotation":0,"texture":"#1","tintindex":0},"north":{"uv":[8.9375,2.875,9.3125,3.875],"rotation":0,"texture":"#1","tintindex":0},"west":{"uv":[9.0,6.875,9.375,7.875],"rotation":0,"texture":"#1","tintindex":0},"up":{"uv":[11.5625,10.375,11.1875,10.0],"rotation":0,"texture":"#1","tintindex":0},"down":{"uv":[11.5625,10.375,11.1875,10.75],"rotation":0,"texture":"#1","tintindex":0}}},{"from":[6.837143,-3.4171429,11.188572],"to":[9.1,1.9314284,13.348572],"rotation":{"angle":45.0,"axis":"y","origin":[2.2857141,14.685715,9.337143]},"faces":{"east":{"uv":[9.625,11.1875,9.875,11.75],"rotation":0,"texture":"#1","tintindex":0},"south":{"uv":[11.1875,10.75,11.4375,11.3125],"rotation":0,"texture":"#1","tintindex":0},"north":{"uv":[5.625,11.1875,5.875,11.75],"rotation":0,"texture":"#1","tintindex":0},"west":{"uv":[1.1875,11.25,1.4375,11.8125],"rotation":0,"texture":"#1","tintindex":0},"up":{"uv":[0.5,12.125,0.25,11.875],"rotation":0,"texture":"#1","tintindex":0},"down":{"uv":[0.75,11.875,0.5,12.125],"rotation":0,"texture":"#1","tintindex":0}}},{"from":[6.8114285,1.9314284,5.222857],"to":[9.28,10.16,10.982857],"rotation":{"angle":0.0,"axis":"y","origin":[2.2857141,14.685715,9.337143]},"faces":{"east":{"uv":[7.9375,7.0,8.5625,7.875],"rotation":0,"texture":"#1","tintindex":0},"south":{"uv":[0.5,9.9375,0.75,10.8125],"rotation":0,"texture":"#1","tintindex":0},"north":{"uv":[0.25,9.9375,0.5,10.8125],"rotation":0,"texture":"#1","tintindex":0},"west":{"uv":[7.9375,7.875,8.5625,8.75],"rotation":0,"texture":"#1","tintindex":0},"up":{"uv":[11.1875,10.75,10.9375,10.125],"rotation":0,"texture":"#1","tintindex":0},"down":{"uv":[11.1875,10.75,10.9375,11.375],"rotation":0,"texture":"#1","tintindex":0}}}],"display":{"head":{"translation":[0.0,-6.4,0.0],"scale":[4.0,4.0,4.0]}}}