{"textures":{"1":"modelengine:entity/horse"},"elements":[{"from":[4.7085714,0.78857136,-2.5028572],"to":[11.291429,13.542857,11.897143],"rotation":{"angle":0.0,"axis":"y","origin":[8.0,13.542857,-2.0914288]},"faces":{"east":{"uv":[0.0,0.0,1.5625,1.375],"rotation":0,"texture":"#1","tintindex":0},"south":{"uv":[2.8125,4.625,3.5625,6.0],"rotation":0,"texture":"#1","tintindex":0},"north":{"uv":[2.0625,4.625,2.8125,6.0],"rotation":0,"texture":"#1","tintindex":0},"west":{"uv":[0.0,1.375,1.5625,2.75],"rotation":0,"texture":"#1","tintindex":0},"up":{"uv":[4.4375,6.0,3.6875,4.4375],"rotation":0,"texture":"#1","tintindex":0},"down":{"uv":[5.1875,4.4375,4.4375,6.0],"rotation":0,"texture":"#1","tintindex":0}}},{"from":[4.1942854,13.645715,2.5114284],"to":[11.805715,15.085714,11.768572],"rotation":{"angle":0.0,"axis":"y","origin":[8.0,13.542857,-2.0914288]},"faces":{"east":{"uv":[10.3125,6.0625,11.3125,6.25],"rotation":0,"texture":"#1","tintindex":0},"south":{"uv":[10.75,5.875,11.5625,6.0625],"rotation":0,"texture":"#1","tintindex":0},"north":{"uv":[5.5625,3.8125,6.375,4.0],"rotation":0,"texture":"#1","tintindex":0},"west":{"uv":[10.375,2.0,11.375,2.1875],"rotation":0,"texture":"#1","tintindex":0},"up":{"uv":[6.6875,2.6875,5.875,1.6875],"rotation":0,"texture":"#1","tintindex":0},"down":{"uv":[4.0625,6.0,3.25,7.0],"rotation":0,"texture":"#1","tintindex":0}}},{"from":[3.0628567,7.3714285,-2.5028572],"to":[4.7085714,10.251429,5.8285713],"rotation":{"angle":-22.5,"axis":"y","origin":[5.12,8.605714,-2.0914288]},"faces":{"east":{"uv":[5.0,9.625,5.9375,9.9375],"rotation":0,"texture":"#1","tintindex":0},"south":{"uv":[6.875,9.5,7.0625,9.8125],"rotation":0,"texture":"#1","tintindex":0},"north":{"uv":[7.0625,8.5625,7.25,8.875],"rotation":0,"texture":"#1","tintindex":0},"west":{"uv":[9.75,2.3125,10.6875,2.625],"rotation":0,"texture":"#1","tintindex":0},"up":{"uv":[10.875,3.125,10.6875,2.1875],"rotation":0,"texture":"#1","tintindex":0},"down":{"uv":[10.875,3.125,10.6875,4.0625],"rotation":0,"texture":"#1","tintindex":0}}},{"from":[6.1485715,4.285714,2.742857],"to":[7.794286,12.308572,4.6971426],"rotation":{"angle":-22.5,"axis":"y","origin":[5.12,8.605714,-2.0914288]},"faces":{"east":{"uv":[9.875,10.75,10.0625,11.625],"rotation":0,"texture":"#1","tintindex":0},"south":{"uv":[10.75,10.125,10.9375,11.0],"rotation":0,"texture":"#1","tintindex":0},"north":{"uv":[9.0625,10.75,9.25,11.625],"rotation":0,"texture":"#1","tintindex":0},"west":{"uv":[10.3125,10.75,10.5,11.625],"rotation":0,"texture":"#1","tintindex":0},"up":{"uv":[7.5625,12.1875,7.375,12.0],"rotation":0,"texture":"#1","tintindex":0},"down":{"uv":[6.625,12.0625,6.4375,12.25],"rotation":0,"texture":"#1","tintindex":0}}},{"from":[4.8114285,3.3599997,-0.8571434],"to":[6.457143,12.9257145,1.0971427],"rotation":{"angle":-22.5,"axis":"y","origin":[5.12,8.605714,-2.0914288]},"faces":{"east":{"uv":[3.125,10.0625,3.3125,11.125],"rotation":0,"texture":"#1","tintindex":0},"south":{"uv":[3.3125,10.0625,3.5,11.125],"rotation":0,"texture":"#1","tintindex":0},"north":{"uv":[7.625,9.875,7.8125,10.9375],"rotation":0,"texture":"#1","tintindex":0},"west":{"uv":[3.5,10.0625,3.6875,11.125],"rotation":0,"texture":"#1","tintindex":0},"up":{"uv":[12.25,6.625,12.0625,6.4375],"rotation":0,"texture":"#1","tintindex":0},"down":{"uv":[6.8125,12.0625,6.625,12.25],"rotation":0,"texture":"#1","tintindex":0}}},{"from":[8.0,3.565714,5.5199995],"to":[9.645715,10.971429,7.4742856],"rotation":{"angle":-22.5,"axis":"y","origin":[5.12,8.605714,-2.0914288]},"faces":{"east":{"uv":[11.0,0.0,11.1875,0.8125],"rotation":0,"texture":"#1","tintindex":0},"south":{"uv":[6.625,11.0,6.8125,11.8125],"rotation":0,"texture":"#1","tintindex":0},"north":{"uv":[8.75,1.875,8.9375,2.6875],"rotation":0,"texture":"#1","tintindex":0},"west":{"uv":[10.6875,11.0,10.875,11.8125],"rotation":0,"texture":"#1","tintindex":0},"up":{"uv":[12.25,6.8125,12.0625,6.625],"rotation":0,"texture":"#1","tintindex":0},"down":{"uv":[12.25,6.8125,12.0625,7.0],"rotation":0,"texture":"#1","tintindex":0}}},{"from":[3.0628567,2.8457136,-2.5028572],"to":[4.7085714,5.725714,5.8285713],"rotation":{"angle":-22.5,"axis":"y","origin":[5.12,8.605714,-2.0914288]},"faces":{"east":{"uv":[9.75,2.625,10.6875,2.9375],"rotation":0,"texture":"#1","tintindex":0},"south":{"uv":[11.875,5.875,12.0625,6.1875],"rotation":0,"texture":"#1","tintindex":0},"north":{"uv":[4.0,11.875,4.1875,12.1875],"rotation":0,"texture":"#1","tintindex":0},"west":{"uv":[2.8125,9.75,3.75,10.0625],"rotation":0,"texture":"#1","tintindex":0},"up":{"uv":[8.25,11.625,8.0625,10.6875],"rotation":0,"texture":"#1","tintindex":0},"down":{"uv":[8.4375,10.6875,8.25,11.625],"rotation":0,"texture":"#1","tintindex":0}}},{"from":[-1.5657148,6.857143,2.0228567],"to":[0.07999992,9.737143,12.0],"rotation":{"angle":22.5,"axis":"y","origin":[5.12,8.605714,-2.0914288]},"faces":{"east":{"uv":[9.0625,1.375,10.125,1.6875],"rotation":0,"texture":"#1","tintindex":0},"south":{"uv":[11.875,6.5,12.0625,6.8125],"rotation":0,"texture":"#1","tintindex":0},"north":{"uv":[11.875,6.1875,12.0625,6.5],"rotation":0,"texture":"#1","tintindex":0},"west":{"uv":[9.0625,5.5625,10.125,5.875],"rotation":0,"texture":"#1","tintindex":0},"up":{"uv":[10.3125,10.9375,10.125,9.875],"rotation":0,"texture":"#1","tintindex":0},"down":{"uv":[10.375,4.5625,10.1875,5.625],"rotation":0,"texture":"#1","tintindex":0}}},{"from":[-1.5657148,4.182857,2.0228567],"to":[0.07999992,6.1371427,9.017143],"rotation":{"angle":22.5,"axis":"y","origin":[5.12,8.605714,-2.0914288]},"faces":{"east":{"uv":[11.125,7.3125,11.875,7.5],"rotation":0,"texture":"#1","tintindex":0},"south":{"uv":[12.0625,7.1875,12.25,7.375],"rotation":0,"texture":"#1","tintindex":0},"north":{"uv":[12.0625,7.0,12.25,7.1875],"rotation":0,"texture":"#1","tintindex":0},"west":{"uv":[11.125,9.0,11.875,9.1875],"rotation":0,"texture":"#1","tintindex":0},"up":{"uv":[4.25,11.875,4.0625,11.125],"rotation":0,"texture":"#1","tintindex":0},"down":{"uv":[7.0,11.125,6.8125,11.875],"rotation":0,"texture":"#1","tintindex":0}}},{"from":[9.542857,3.3599997,-0.8571434],"to":[11.188572,12.9257145,1.0971427],"rotation":{"angle":22.5,"axis":"y","origin":[10.88,8.605714,-2.0914288]},"faces":{"east":{"uv":[6.0625,10.1875,6.25,11.25],"rotation":0,"texture":"#1","tintindex":0},"south":{"uv":[6.25,10.1875,6.4375,11.25],"rotation":0,"texture":"#1","tintindex":0},"north":{"uv":[5.875,10.1875,6.0625,11.25],"rotation":0,"texture":"#1","tintindex":0},"west":{"uv":[10.1875,6.5625,10.375,7.625],"rotation":0,"texture":"#1","tintindex":0},"up":{"uv":[12.25,7.5625,12.0625,7.375],"rotation":0,"texture":"#1","tintindex":0},"down":{"uv":[12.25,7.5625,12.0625,7.75],"rotation":0,"texture":"#1","tintindex":0}}},{"from":[8.205714,4.285714,2.742857],"to":[9.851429,12.308572,4.6971426],"rotation":{"angle":22.5,"axis":"y","origin":[10.88,8.605714,-2.0914288]},"faces":{"east":{"uv":[0.0,10.8125,0.1875,11.6875],"rotation":0,"texture":"#1","tintindex":0},"south":{"uv":[0.1875,10.8125,0.375,11.6875],"rotation":0,"texture":"#1","tintindex":0},"north":{"uv":[10.5,10.75,10.6875,11.625],"rotation":0,"texture":"#1","tintindex":0},"west":{"uv":[0.375,10.8125,0.5625,11.6875],"rotation":0,"texture":"#1","tintindex":0},"up":{"uv":[8.125,12.25,7.9375,12.0625],"rotation":0,"texture":"#1","tintindex":0},"down":{"uv":[12.25,8.0625,12.0625,8.25],"rotation":0,"texture":"#1","tintindex":0}}},{"from":[6.3542857,3.565714,5.5199995],"to":[8.0,10.971429,7.4742856],"rotation":{"angle":22.5,"axis":"y","origin":[10.88,8.605714,-2.0914288]},"faces":{"east":{"uv":[7.875,11.0625,8.0625,11.875],"rotation":0,"texture":"#1","tintindex":0},"south":{"uv":[1.0,11.125,1.1875,11.9375],"rotation":0,"texture":"#1","tintindex":0},"north":{"uv":[7.6875,11.0625,7.875,11.875],"rotation":0,"texture":"#1","tintindex":0},"west":{"uv":[3.0,11.125,3.1875,11.9375],"rotation":0,"texture":"#1","tintindex":0},"up":{"uv":[8.3125,12.25,8.125,12.0625],"rotation":0,"texture":"#1","tintindex":0},"down":{"uv":[12.25,8.25,12.0625,8.4375],"rotation":0,