{"textures":{"1":"modelengine:entity/horse"},"elements":[{"from":[6.765714,0.8457136,6.822857],"to":[9.234285,7.84,9.291429],"rotation":{"angle":0.0,"axis":"y","origin":[14.171429,25.942858,8.468572]},"faces":{"east":{"uv":[2.25,10.5,2.5,11.25],"rotation":0,"texture":"#1","tintindex":0},"south":{"uv":[2.5,10.5,2.75,11.25],"rotation":0,"texture":"#1","tintindex":0},"north":{"uv":[2.0,10.5,2.25,11.25],"rotation":0,"texture":"#1","tintindex":0},"west":{"uv":[4.375,10.5,4.625,11.25],"rotation":0,"texture":"#1","tintindex":0},"up":{"uv":[12.125,2.875,11.875,2.625],"rotation":0,"texture":"#1","tintindex":0},"down":{"uv":[12.125,2.875,11.875,3.125],"rotation":0,"texture":"#1","tintindex":0}}},{"from":[6.0457144,0.6399994,6.4114285],"to":[7.6914287,7.634286,8.262857],"rotation":{"angle":-45.0,"axis":"y","origin":[8.0,2.9028568,8.468572]},"faces":{"east":{"uv":[4.625,11.25,4.8125,12.0],"rotation":0,"texture":"#1","tintindex":0},"south":{"uv":[5.875,11.25,6.0625,12.0],"rotation":0,"texture":"#1","tintindex":0},"north":{"uv":[2.5625,11.25,2.75,12.0],"rotation":0,"texture":"#1","tintindex":0},"west":{"uv":[6.0625,11.25,6.25,12.0],"rotation":0,"texture":"#1","tintindex":0},"up":{"uv":[12.25,8.8125,12.0625,8.625],"rotation":0,"texture":"#1","tintindex":0},"down":{"uv":[12.25,8.8125,12.0625,9.0],"rotation":0,"texture":"#1","tintindex":0}}}],"display":{"head":{"translation":[0.0,-6.4,0.0],"scale":[4.0,4.0,4.0]}}}