{"textures":{"1":"modelengine:entity/horse"},"elements":[{"from":[7.754286,-1.920001,1.885714],"to":[11.617143,7.542857,5.5885715],"rotation":{"angle":-22.5,"axis":"x","origin":[3.371428,15.771429,10.011429]},"faces":{"east":{"uv":[2.0625,8.75,2.4375,9.8125],"rotation":0,"texture":"#1","tintindex":0},"south":{"uv":[0.875,8.1875,1.3125,9.25],"rotation":0,"texture":"#1","tintindex":0},"north":{"uv":[0.4375,8.1875,0.875,9.25],"rotation":0,"texture":"#1","tintindex":0},"west":{"uv":[2.4375,8.75,2.8125,9.8125],"rotation":0,"texture":"#1","tintindex":0},"up":{"uv":[11.25,5.1875,10.8125,4.8125],"rotation":0,"texture":"#1","tintindex":0},"down":{"uv":[5.3125,10.8125,4.875,11.1875],"rotation":0,"texture":"#1","tintindex":0}}},{"from":[6.765714,0.75428534,3.7371426],"to":[10.88,7.542857,7.7485714],"rotation":{"angle":-22.5,"axis":"x","origin":[3.371428,15.771429,10.011429]},"faces":{"east":{"uv":[6.4375,9.5,6.875,10.25],"rotation":0,"texture":"#1","tintindex":0},"south":{"uv":[9.5,9.125,9.9375,9.875],"rotation":0,"texture":"#1","tintindex":0},"north":{"uv":[6.0,9.4375,6.4375,10.1875],"rotation":0,"texture":"#1","tintindex":0},"west":{"uv":[9.5625,0.0,10.0,0.75],"rotation":0,"texture":"#1","tintindex":0},"up":{"uv":[10.8125,2.0,10.375,1.5625],"rotation":0,"texture":"#1","tintindex":0},"down":{"uv":[10.8125,4.1875,10.375,4.625],"rotation":0,"texture":"#1","tintindex":0}}},{"from":[6.9714284,3.7371426,12.4800005],"to":[11.188572,11.76,16.182858],"rotation":{"angle":45.0,"axis":"y","origin":[3.371428,15.771429,10.011429]},"faces":{"east":{"uv":[9.5625,4.5625,9.9375,5.4375],"rotation":0,"texture":"#1","tintindex":0},"south":{"uv":[4.1875,8.8125,4.625,9.6875],"rotation":0,"texture":"#1","tintindex":0},"north":{"uv":[7.875,8.75,8.3125,9.625],"rotation":0,"texture":"#1","tintindex":0},"west":{"uv":[9.5625,7.5,9.9375,8.375],"rotation":0,"texture":"#1","tintindex":0},"up":{"uv":[5.75,11.1875,5.3125,10.8125],"rotation":0,"texture":"#1","tintindex":0},"down":{"uv":[11.3125,1.125,10.875,1.5],"rotation":0,"texture":"#1","tintindex":0}}},{"from":[7.897143,3.0171423,1.2685714],"to":[10.365714,11.245714,9.188572],"rotation":{"angle":-22.5,"axis":"x","origin":[3.371428,15.771429,10.011429]},"faces":{"east":{"uv":[5.125,6.625,6.0,7.5],"rotation":0,"texture":"#1","tintindex":0},"south":{"uv":[5.625,9.9375,5.875,10.8125],"rotation":0,"texture":"#1","tintindex":0},"north":{"uv":[5.375,9.9375,5.625,10.8125],"rotation":0,"texture":"#1","tintindex":0},"west":{"uv":[6.0,6.625,6.875,7.5],"rotation":0,"texture":"#1","tintindex":0},"up":{"uv":[10.1875,8.1875,9.9375,7.3125],"rotation":0,"texture":"#1","tintindex":0},"down":{"uv":[10.1875,9.0,9.9375,9.875],"rotation":0,"texture":"#1","tintindex":0}}}],"display":{"head":{"translation":[0.0,-6.4,0.0],"scale":[4.0,4.0,4.0]}}}