{"textures":{"1":"modelengine:entity/horse"},"elements":[{"from":[4.3828573,-1.920001,1.885714],"to":[8.245714,7.542857,5.5885715],"rotation":{"angle":-22.5,"axis":"x","origin":[12.628572,15.771429,10.011429]},"faces":{"east":{"uv":[1.3125,8.75,1.6875,9.8125],"rotation":0,"texture":"#1","tintindex":0},"south":{"uv":[0.0,8.0625,0.4375,9.125],"rotation":0,"texture":"#1","tintindex":0},"north":{"uv":[2.8125,7.3125,3.25,8.375],"rotation":0,"texture":"#1","tintindex":0},"west":{"uv":[1.6875,8.75,2.0625,9.8125],"rotation":0,"texture":"#1","tintindex":0},"up":{"uv":[1.0,11.1875,0.5625,10.8125],"rotation":0,"texture":"#1","tintindex":0},"down":{"uv":[11.25,1.5,10.8125,1.875],"rotation":0,"texture":"#1","tintindex":0}}},{"from":[5.12,0.75428534,3.7371426],"to":[9.234285,7.542857,7.7485714],"rotation":{"angle":-22.5,"axis":"x","origin":[12.628572,15.771429,10.011429]},"faces":{"east":{"uv":[9.3125,3.0625,9.75,3.8125],"rotation":0,"texture":"#1","tintindex":0},"south":{"uv":[9.3125,3.8125,9.75,4.5625],"rotation":0,"texture":"#1","tintindex":0},"north":{"uv":[9.3125,2.3125,9.75,3.0625],"rotation":0,"texture":"#1","tintindex":0},"west":{"uv":[9.375,5.875,9.8125,6.625],"rotation":0,"texture":"#1","tintindex":0},"up":{"uv":[10.75,6.0625,10.3125,5.625],"rotation":0,"texture":"#1","tintindex":0},"down":{"uv":[9.375,10.3125,8.9375,10.75],"rotation":0,"texture":"#1","tintindex":0}}},{"from":[4.8114285,3.7371426,12.4800005],"to":[9.028571,11.76,16.182858],"rotation":{"angle":-45.0,"axis":"y","origin":[12.628572,15.771429,10.011429]},"faces":{"east":{"uv":[9.375,6.625,9.75,7.5],"rotation":0,"texture":"#1","tintindex":0},"south":{"uv":[5.5625,8.75,6.0,9.625],"rotation":0,"texture":"#1","tintindex":0},"north":{"uv":[3.75,8.75,4.1875,9.625],"rotation":0,"texture":"#1","tintindex":0},"west":{"uv":[8.3125,9.375,8.6875,10.25],"rotation":0,"texture":"#1","tintindex":0},"up":{"uv":[11.25,4.4375,10.8125,4.0625],"rotation":0,"texture":"#1","tintindex":0},"down":{"uv":[11.25,4.4375,10.8125,4.8125],"rotation":0,"texture":"#1","tintindex":0}}},{"from":[5.634286,3.0171423,1.2685714],"to":[8.102858,11.245714,9.188572],"rotation":{"angle":-22.5,"axis":"x","origin":[12.628572,15.771429,10.011429]},"faces":{"east":{"uv":[6.5,2.6875,7.375,3.5625],"rotation":0,"texture":"#1","tintindex":0},"south":{"uv":[9.9375,4.5625,10.1875,5.4375],"rotation":0,"texture":"#1","tintindex":0},"north":{"uv":[0.75,9.9375,1.0,10.8125],"rotation":0,"texture":"#1","tintindex":0},"west":{"uv":[6.5,3.5625,7.375,4.4375],"rotation":0,"texture":"#1","tintindex":0},"up":{"uv":[5.125,10.8125,4.875,9.9375],"rotation":0,"texture":"#1","tintindex":0},"down":{"uv":[5.375,9.9375,5.125,10.8125],"rotation":0,"texture":"#1","tintindex":0}}}],"display":{"head":{"translation":[0.0,-6.4,0.0],"scale":[4.0,4.0,4.0]}}}