{"textures":{"1":"modelengine:entity/horse"},"elements":[{"from":[7.4514284,1.0171423,7.12],"to":[9.92,8.011429,9.588572],"rotation":{"angle":0.0,"axis":"y","origin":[14.857143,26.114286,8.765715]},"faces":{"east":{"uv":[7.8125,10.3125,8.0625,11.0625],"rotation":0,"texture":"#1","tintindex":0},"south":{"uv":[1.0,10.375,1.25,11.125],"rotation":0,"texture":"#1","tintindex":0},"north":{"uv":[6.625,10.25,6.875,11.0],"rotation":0,"texture":"#1","tintindex":0},"west":{"uv":[4.125,10.375,4.375,11.125],"rotation":0,"texture":"#1","tintindex":0},"up":{"uv":[11.875,12.0625,11.625,11.8125],"rotation":0,"texture":"#1","tintindex":0},"down":{"uv":[0.25,11.875,0.0,12.125],"rotation":0,"texture":"#1","tintindex":0}}},{"from":[6.5257144,0.81142807,6.502857],"to":[8.422857,7.805714,8.811429],"rotation":{"angle":-45.0,"axis":"y","origin":[8.685715,3.0742855,8.765715]},"faces":{"east":{"uv":[10.375,6.5625,10.625,7.3125],"rotation":0,"texture":"#1","tintindex":0},"south":{"uv":[5.0625,11.1875,5.25,11.9375],"rotation":0,"texture":"#1","tintindex":0},"north":{"uv":[4.875,11.1875,5.0625,11.9375],"rotation":0,"texture":"#1","tintindex":0},"west":{"uv":[6.875,10.375,7.125,11.125],"rotation":0,"texture":"#1","tintindex":0},"up":{"uv":[9.8125,12.1875,9.625,11.9375],"rotation":0,"texture":"#1","tintindex":0},"down":{"uv":[10.0,11.9375,9.8125,12.1875],"rotation":0,"texture":"#1","tintindex":0}}}],"display":{"head":{"translation":[0.0,-6.4,0.0],"scale":[4.0,4.0,4.0]}}}