{"textures":{"1":"modelengine:entity/horse"},"elements":[{"from":[6.3542857,6.325714,5.0914283],"to":[9.645715,8.0742855,8.28],"rotation":{"angle":-22.5,"axis":"x","origin":[8.0,8.177143,8.382857]},"faces":{"east":{"uv":[11.8125,2.0,12.1875,2.1875],"rotation":0,"texture":"#1","tintindex":0},"south":{"uv":[11.8125,3.4375,12.1875,3.625],"rotation":0,"texture":"#1","tintindex":0},"north":{"uv":[11.8125,1.8125,12.1875,2.0],"rotation":0,"texture":"#1","tintindex":0},"west":{"uv":[11.8125,3.625,12.1875,3.8125],"rotation":0,"texture":"#1","tintindex":0},"up":{"uv":[11.5,2.8125,11.125,2.4375],"rotation":0,"texture":"#1","tintindex":0},"down":{"uv":[3.5625,11.125,3.1875,11.5],"rotation":0,"texture":"#1","tintindex":0}}}],"display":{"head":{"translation":[0.0,-6.4,0.0],"scale":[4.0,4.0,4.0]}}}