{"textures":{"0":"modelengine:entity/knight"},"elements":[{"from":[6.1714287,5.6285715,6.742857],"to":[7.542857,8.828571,9.828571],"rotation":{"angle":-22.5,"axis":"z","origin":[7.0857143,7.457143,8.0]},"faces":{"east":{"uv":[6.0625,1.0,6.375,1.375],"rotation":0,"texture":"#0","tintindex":0},"south":{"uv":[4.625,7.8125,4.75,8.1875],"rotation":0,"texture":"#0","tintindex":0},"north":{"uv":[1.5625,7.8125,1.6875,8.1875],"rotation":0,"texture":"#0","tintindex":0},"west":{"uv":[4.5,6.0625,4.8125,6.4375],"rotation":0,"texture":"#0","tintindex":0},"up":{"uv":[8.1875,1.875,8.0625,1.5625],"rotation":0,"texture":"#0","tintindex":0},"down":{"uv":[8.1875,1.875,8.0625,2.1875],"rotation":0,"texture":"#0","tintindex":0}}},{"from":[7.542857,6.7714286,7.542857],"to":[9.485714,8.828571,9.828571],"rotation":{"angle":-22.5,"axis":"z","origin":[7.0857143,7.457143,8.0]},"faces":{"east":{"uv":[6.0625,7.375,6.3125,7.625],"rotation":0,"texture":"#0","tintindex":0},"south":{"uv":[7.8125,5.1875,8.0,5.4375],"rotation":0,"texture":"#0","tintindex":0},"north":{"uv":[7.8125,4.9375,8.0,5.1875],"rotation":0,"texture":"#0","tintindex":0},"west":{"uv":[7.375,6.6875,7.625,6.9375],"rotation":0,"texture":"#0","tintindex":0},"up":{"uv":[8.0,5.6875,7.8125,5.4375],"rotation":0,"texture":"#0","tintindex":0},"down":{"uv":[8.0,6.0,7.8125,6.25],"rotation":0,"texture":"#0","tintindex":0}}},{"from":[7.7714286,7.8,6.9714284],"to":[9.942858,9.057143,8.228572],"rotation":{"angle":-45.0,"axis":"z","origin":[7.0857143,7.457143,8.0]},"faces":{"east":{"uv":[8.6875,8.5625,8.8125,8.6875],"rotation":0,"texture":"#0","tintindex":0},"south":{"uv":[8.25,8.0625,8.5,8.1875],"rotation":0,"texture":"#0","tintindex":0},"north":{"uv":[8.25,7.9375,8.5,8.0625],"rotation":0,"texture":"#0","tintindex":0},"west":{"uv":[8.6875,8.6875,8.8125,8.8125],"rotation":0,"texture":"#0","tintindex":0},"up":{"uv":[8.5,8.3125,8.25,8.1875],"rotation":0,"texture":"#0","tintindex":0},"down":{"uv":[8.5625,2.6875,8.3125,2.8125],"rotation":0,"texture":"#0","tintindex":0}}},{"from":[8.578157,6.2784333,7.2],"to":[10.749586,7.5355763,8.457143],"rotation":{"angle":45.0,"axis":"z","origin":[10.742857,5.6285715,8.0]},"faces":{"east":{"uv":[8.75,0.0,8.875,0.125],"rotation":0,"texture":"#0","tintindex":0},"south":{"uv":[8.3125,4.9375,8.5625,5.0625],"rotation":0,"texture":"#0","tintindex":0},"north":{"uv":[8.3125,4.4375,8.5625,4.5625],"rotation":0,"texture":"#0","tintindex":0},"west":{"uv":[0.125,8.75,0.25,8.875],"rotation":0,"texture":"#0","tintindex":0},"up":{"uv":[8.5625,5.1875,8.3125,5.0625],"rotation":0,"texture":"#0","tintindex":0},"down":{"uv":[8.5625,5.1875,8.3125,5.3125],"rotation":0,"texture":"#0","tintindex":0}}},{"from":[7.4353,7.192719,6.5142856],"to":[8.578157,9.021291,7.7714286],"rotation":{"angle":45.0,"axis":"z","origin":[10.742857,5.6285715,7.0857143]},"faces":{"east":{"uv":[8.5625,5.9375,8.6875,6.125],"rotation":0,"texture":"#0","tintindex":0},"south":{"uv":[8.5625,6.125,8.6875,6.3125],"rotation":0,"texture":"#0","tintindex":0},"north":{"uv":[8.5625,5.75,8.6875,5.9375],"rotation":0,"texture":"#0","tintindex":0},"west":{"uv":[6.3125,8.5625,6.4375,8.75],"rotation":0,"texture":"#0","tintindex":0},"up":{"uv":[0.375,8.875,0.25,8.75],"rotation":0,"texture":"#0","tintindex":0},"down":{"uv":[8.875,0.875,8.75,1.0],"rotation":0,"texture":"#0","tintindex":0}}},{"from":[7.4123273,4.1658297,6.6285715],"to":[9.5837555,5.3086867,7.885714],"rotation":{"angle":22.5,"axis":"z","origin":[8.457143,4.714286,7.0857143]},"faces":{"east":{"uv":[1.4375,8.75,1.5625,8.875],"rotation":0,"texture":"#0","tintindex":0},"south":{"uv":[8.3125,5.4375,8.5625,5.5625],"rotation":0,"texture":"#0","tintindex":0},"north":{"uv":[8.3125,5.3125,8.5625,5.4375],"rotation":0,"texture":"#0","tintindex":0},"west":{"uv":[1.5625,8.75,1.6875,8.875],"rotation":0,"texture":"#0","tintindex":0},"up":{"uv":[5.8125,8.4375,5.5625,8.3125],"rotation":0,"texture":"#0","tintindex":0},"down":{"uv":[8.5625,5.5625,8.3125,5.6875],"rotation":0,"texture":"#0","tintindex":0}}},{"from":[7.4353,7.192719,9.142858],"to":[8.578157,9.021291,10.4],"rotation":{"angle":45.0,"axis":"z","origin":[10.742857,5.6285715,9.714286]},"faces":{"east":{"uv":[8.5625,6.75,8.6875,6.9375],"rotation":0,"texture":"#0","tintindex":0},"south":{"uv":[7.3125,8.5625,7.4375,8.75],"rotation":0,"texture":"#0","tintindex":0},"north":{"uv":[8.5625,6.5625,8.6875,6.75],"rotation":0,"texture":"#0","tintindex":0},"west":{"uv":[8.5625,7.625,8.6875,7.8125],"rotation":0,"texture":"#0","tintindex":0},"up":{"uv":[1.9375,8.875,1.8125,8.75],"rotation":0,"texture":"#0","tintindex":0},"down":{"uv":[8.875,1.9375,8.75,2.0625],"rotation":0,"texture":"#0","tintindex":0}}},{"from":[7.2980413,4.394401,8.914286],"to":[9.46947,5.537258,10.171429],"rotation":{"angle":45.0,"axis":"z","origin":[8.457143,4.714286,9.714286]},"faces":{"east":{"uv":[8.75,2.0625,8.875,2.1875],"rotation":0,"texture":"#0","tintindex":0},"south":{"uv":[5.8125,8.3125,6.0625,8.4375],"rotation":0,"texture":"#0","tintindex":0},"north":{"uv":[8.3125,5.6875,8.5625,5.8125],"rotation":0,"texture":"#0","tintindex":0},"west":{"uv":[2.5,8.75,2.625,8.875],"rotation":0,"texture":"#0","tintindex":0},"up":{"uv":[8.5625,5.9375,8.3125,5.8125],"rotation":0,"texture":"#0","tintindex":0},"down":{"uv":[8.5625,5.9375,8.3125,6.0625],"rotation":0,"texture":"#0","tintindex":0}}}],"display":{"head":{"translation":[0.0,-6.4,0.0],"scale":[4.0,4.0,4.0]}}}