{"textures":{"0":"modelengine:entity/knight"},"elements":[{"from":[5.8285713,6.428571,7.0857143],"to":[7.428571,8.142858,8.8],"rotation":{"angle":-22.5,"axis":"z","origin":[6.0571427,7.5714283,8.114285]},"faces":{"east":{"uv":[5.5625,8.125,5.75,8.3125],"rotation":0,"texture":"#0","tintindex":0},"south":{"uv":[8.125,5.6875,8.3125,5.875],"rotation":0,"texture":"#0","tintindex":0},"north":{"uv":[8.125,5.3125,8.3125,5.5],"rotation":0,"texture":"#0","tintindex":0},"west":{"uv":[5.875,8.125,6.0625,8.3125],"rotation":0,"texture":"#0","tintindex":0},"up":{"uv":[8.3125,6.0625,8.125,5.875],"rotation":0,"texture":"#0","tintindex":0},"down":{"uv":[8.3125,6.0625,8.125,6.25],"rotation":0,"texture":"#0","tintindex":0}}},{"from":[4.342857,6.6571426,7.3142858],"to":[6.285714,7.9142857,8.457143],"rotation":{"angle":-45.0,"axis":"z","origin":[6.0571427,7.5714283,8.114285]},"faces":{"east":{"uv":[7.9375,8.6875,8.0625,8.8125],"rotation":0,"texture":"#0","tintindex":0},"south":{"uv":[8.5625,4.75,8.75,4.875],"rotation":0,"texture":"#0","tintindex":0},"north":{"uv":[8.5625,3.6875,8.75,3.8125],"rotation":0,"texture":"#0","tintindex":0},"west":{"uv":[8.6875,8.3125,8.8125,8.4375],"rotation":0,"texture":"#0","tintindex":0},"up":{"uv":[8.75,5.0,8.5625,4.875],"rotation":0,"texture":"#0","tintindex":0},"down":{"uv":[8.75,5.0,8.5625,5.125],"rotation":0,"texture":"#0","tintindex":0}}},{"from":[3.4285712,7.457143,7.542857],"to":[4.457143,8.257143,8.228572],"rotation":{"angle":-22.5,"axis":"z","origin":[6.0571427,7.5714283,8.114285]},"faces":{"east":{"uv":[1.0,8.875,1.0625,8.9375],"rotation":0,"texture":"#0","tintindex":0},"south":{"uv":[8.8125,6.6875,8.9375,6.75],"rotation":0,"texture":"#0","tintindex":0},"north":{"uv":[6.6875,8.8125,6.8125,8.875],"rotation":0,"texture":"#0","tintindex":0},"west":{"uv":[1.0625,8.875,1.125,8.9375],"rotation":0,"texture":"#0","tintindex":0},"up":{"uv":[8.9375,6.8125,8.8125,6.75],"rotation":0,"texture":"#0","tintindex":0},"down":{"uv":[6.9375,8.8125,6.8125,8.875],"rotation":0,"texture":"#0","tintindex":0}}},{"from":[5.3714285,3.228571,7.3142858],"to":[7.3142858,4.485714,8.457143],"rotation":{"angle":-45.0,"axis":"z","origin":[7.0857143,4.142857,8.114285]},"faces":{"east":{"uv":[8.6875,8.4375,8.8125,8.5625],"rotation":0,"texture":"#0","tintindex":0},"south":{"uv":[8.5625,5.125,8.75,5.25],"rotation":0,"texture":"#0","tintindex":0},"north":{"uv":[5.0625,8.5625,5.25,8.6875],"rotation":0,"texture":"#0","tintindex":0},"west":{"uv":[8.5625,8.6875,8.6875,8.8125],"rotation":0,"texture":"#0","tintindex":0},"up":{"uv":[8.75,5.375,8.5625,5.25],"rotation":0,"texture":"#0","tintindex":0},"down":{"uv":[8.75,5.375,8.5625,5.5],"rotation":0,"texture":"#0","tintindex":0}}},{"from":[4.457143,4.028571,7.542857],"to":[5.485714,4.8285713,8.228572],"rotation":{"angle":-22.5,"axis":"z","origin":[7.0857143,4.142857,8.114285]},"faces":{"east":{"uv":[8.875,1.0625,8.9375,1.125],"rotation":0,"texture":"#0","tintindex":0},"south":{"uv":[8.8125,6.875,8.9375,6.9375],"rotation":0,"texture":"#0","tintindex":0},"north":{"uv":[8.8125,6.8125,8.9375,6.875],"rotation":0,"texture":"#0","tintindex":0},"west":{"uv":[8.875,1.125,8.9375,1.1875],"rotation":0,"texture":"#0","tintindex":0},"up":{"uv":[7.0625,8.875,6.9375,8.8125],"rotation":0,"texture":"#0","tintindex":0},"down":{"uv":[8.9375,6.9375,8.8125,7.0],"rotation":0,"texture":"#0","tintindex":0}}},{"from":[7.2,4.028571,7.0857143],"to":[8.914286,8.6,8.8],"rotation":{"angle":-22.5,"axis":"z","origin":[8.8,5.3999996,7.2]},"faces":{"east":{"uv":[0.1875,6.75,0.375,7.25],"rotation":0,"texture":"#0","tintindex":0},"south":{"uv":[0.375,6.75,0.5625,7.25],"rotation":0,"texture":"#0","tintindex":0},"north":{"uv":[5.875,6.6875,6.0625,7.1875],"rotation":0,"texture":"#0","tintindex":0},"west":{"uv":[6.75,0.375,6.9375,0.875],"rotation":0,"texture":"#0","tintindex":0},"up":{"uv":[8.3125,6.4375,8.125,6.25],"rotation":0,"texture":"#0","tintindex":0},"down":{"uv":[8.3125,6.625,8.125,6.8125],"rotation":0,"texture":"#0","tintindex":0}}},{"from":[7.6571426,1.9714284,6.9714284],"to":[9.3714285,6.542857,8.914286],"rotation":{"angle":0.0,"axis":"y","origin":[8.8,5.3999996,7.2]},"faces":{"east":{"uv":[0.75,6.75,0.9375,7.25],"rotation":0,"texture":"#0","tintindex":0},"south":{"uv":[1.3125,6.75,1.5,7.25],"rotation":0,"texture":"#0","tintindex":0},"north":{"uv":[0.5625,6.75,0.75,7.25],"rotation":0,"texture":"#0","tintindex":0},"west":{"uv":[6.75,4.5625,6.9375,5.0625],"rotation":0,"texture":"#0","tintindex":0},"up":{"uv":[7.3125,8.3125,7.125,8.125],"rotation":0,"texture":"#0","tintindex":0},"down":{"uv":[8.25,8.125,8.0625,8.3125],"rotation":0,"texture":"#0","tintindex":0}}},{"from":[6.742857,3.1142855,6.6285715],"to":[8.228572,8.714286,9.3714285],"rotation":{"angle":0.0,"axis":"y","origin":[6.9714284,5.8571424,7.2]},"faces":{"east":{"uv":[4.875,3.5625,5.1875,4.1875],"rotation":0,"texture":"#0","tintindex":0},"south":{"uv":[3.1875,6.0625,3.375,6.6875],"rotation":0,"texture":"#0","tintindex":0},"north":{"uv":[3.0,6.0625,3.1875,6.6875],"rotation":0,"texture":"#0","tintindex":0},"west":{"uv":[3.125,5.0,3.4375,5.625],"rotation":0,"texture":"#0","tintindex":0},"up":{"uv":[7.75,4.25,7.5625,3.9375],"rotation":0,"texture":"#0","tintindex":0},"down":{"uv":[5.75,7.5625,5.5625,7.875],"rotation":0,"texture":"#0","tintindex":0}}},{"from":[6.742857,2.7714286,6.285714],"to":[8.228572,8.714286,7.3142858],"rotation":{"angle":22.5,"axis":"z","origin":[6.9714284,5.8571424,7.2]},"faces":{"east":{"uv":[4.8125,7.0625,4.9375,7.6875],"rotation":0,"texture":"#0","tintindex":0},"south":{"uv":[3.5625,6.0625,3.75,6.6875],"rotation":0,"texture":"#0","tintindex":0},"north":{"uv":[3.375,6.0625,3.5625,6.6875],"rotation":0,"texture":"#0","tintindex":0},"west":{"uv":[5.4375,7.0625,5.5625,7.6875],"rotation":0,"texture":"#0","tintindex":0},"up":{"uv":[8.75,5.625,8.5625,5.5],"rotation":0,"texture":"#0","tintindex":0},"down":{"uv":[8.75,5.625,8.5625,5.75],"rotation":0,"texture":"#0","tintindex":0}}},{"from":[6.1714287,4.142857,7.2],"to":[6.857143,8.485714,8.571428],"rotation":{"angle":0.0,"axis":"y","origin":[14.285715,12.257143,7.2]},"faces":{"east":{"uv":[4.875,4.1875,5.0,4.6875],"rotation":0,"texture":"#0","tintindex":0},"south":{"uv":[7.875,8.25,7.9375,8.75],"rotation":0,"texture":"#0","tintindex":0},"north":{"uv":[7.8125,8.25,7.875,8.75],"rotation":0,"texture":"#0","tintindex":0},"west":{"uv":[1.625,7.3125,1.75,7.8125],"rotation":0,"texture":"#0","tintindex":0},"up":{"uv":[8.875,7.125,8.8125,7.0],"rotation":0,"texture":"#0","tintindex":0},"down":{"uv":[8.875,7.125,8.8125,7.25],"rotation":0,"texture":"#0","tintindex":0}}}],"display":{"head":{"translation":[0.0,-6.4,0.0],"scale":[4.0,4.0,4.0]}}}