{"textures":{"1":"modelengine:entity/horse"},"elements":[{"from":[6.4113483,20.050468,11.371795],"to":[8.488651,22.543232,14.919954],"rotation":{"angle":-45.0,"axis":"x","origin":[7.9754353,13.940755,14.553371]},"faces":{"east":{"uv":[11.625,3.1875,12.0,3.4375],"rotation":0,"texture":"#1","tintindex":0},"south":{"uv":[8.3125,11.8125,8.5625,12.0625],"rotation":0,"texture":"#1","tintindex":0},"north":{"uv":[8.0625,11.8125,8.3125,12.0625],"rotation":0,"texture":"#1","tintindex":0},"west":{"uv":[11.625,3.9375,12.0,4.1875],"rotation":0,"texture":"#1","tintindex":0},"up":{"uv":[11.875,4.5625,11.625,4.1875],"rotation":0,"texture":"#1","tintindex":0},"down":{"uv":[4.5,11.625,4.25,12.0],"rotation":0,"texture":"#1","tintindex":0}}},{"from":[6.8390284,18.757767,9.260904],"to":[8.060971,20.45853,12.075899],"rotation":{"angle":-22.5,"axis":"x","origin":[8.158727,19.371613,10.0276575]},"faces":{"east":{"uv":[11.8125,7.875,12.125,8.0625],"rotation":0,"texture":"#1","tintindex":0},"south":{"uv":[10.5,11.875,10.625,12.0625],"rotation":0,"texture":"#1","tintindex":0},"north":{"uv":[7.9375,11.875,8.0625,12.0625],"rotation":0,"texture":"#1","tintindex":0},"west":{"uv":[3.6875,11.875,4.0,12.0625],"rotation":0,"texture":"#1","tintindex":0},"up":{"uv":[8.3125,9.9375,8.1875,9.625],"rotation":0,"texture":"#1","tintindex":0},"down":{"uv":[8.3125,9.9375,8.1875,10.25],"rotation":0,"texture":"#1","tintindex":0}}},{"from":[7.026846,19.783405,11.199499],"to":[7.873154,20.69217,14.317717],"rotation":{"angle":0.0,"axis":"y","origin":[8.215299,21.634468,10.480228]},"faces":{"east":{"uv":[10.375,2.1875,10.6875,2.3125],"rotation":0,"texture":"#1","tintindex":0},"south":{"uv":[4.5,9.6875,4.5625,9.8125],"rotation":0,"texture":"#1","tintindex":0},"north":{"uv":[0.375,9.125,0.4375,9.25],"rotation":0,"texture":"#1","tintindex":0},"west":{"uv":[10.375,5.5,10.6875,5.625],"rotation":0,"texture":"#1","tintindex":0},"up":{"uv":[4.0625,7.3125,4.0,7.0],"rotation":0,"texture":"#1","tintindex":0},"down":{"uv":[7.375,2.3125,7.3125,2.625],"rotation":0,"texture":"#1","tintindex":0}}},{"from":[6.4113483,16.09047,13.408365],"to":[8.488651,18.583233,16.277668],"rotation":{"angle":-45.0,"axis":"x","origin":[7.9754353,9.980755,16.589943]},"faces":{"east":{"uv":[11.0625,11.6875,11.375,11.9375],"rotation":0,"texture":"#1","tintindex":0},"south":{"uv":[11.8125,10.75,12.0625,11.0],"rotation":0,"texture":"#1","tintindex":0},"north":{"uv":[10.625,11.8125,10.875,12.0625],"rotation":0,"texture":"#1","tintindex":0},"west":{"uv":[5.4375,11.75,5.75,12.0],"rotation":0,"texture":"#1","tintindex":0},"up":{"uv":[6.75,4.75,6.5,4.4375],"rotation":0,"texture":"#1","tintindex":0},"down":{"uv":[9.5625,4.5625,9.3125,4.875],"rotation":0,"texture":"#1","tintindex":0}}},{"from":[6.8390284,14.005767,10.731762],"to":[8.060971,15.70653,13.546756],"rotation":{"angle":-22.5,"axis":"x","origin":[8.158727,14.619612,11.498514]},"faces":{"east":{"uv":[11.875,4.1875,12.1875,4.375],"rotation":0,"texture":"#1","tintindex":0},"south":{"uv":[4.6875,12.0,4.8125,12.1875],"rotation":0,"texture":"#1","tintindex":0},"north":{"uv":[1.6875,12.0,1.8125,12.1875],"rotation":0,"texture":"#1","tintindex":0},"west":{"uv":[11.875,4.375,12.1875,4.5625],"rotation":0,"texture":"#1","tintindex":0},"up":{"uv":[10.1875,8.6875,10.0625,8.375],"rotation":0,"texture":"#1","tintindex":0},"down":{"uv":[10.1875,8.6875,10.0625,9.0],"rotation":0,"texture":"#1","tintindex":0}}},{"from":[7.026846,15.0314045,12.670357],"to":[7.873154,15.940168,15.788574],"rotation":{"angle":0.0,"axis":"y","origin":[8.215299,16.88247,11.951086]},"faces":{"east":{"uv":[10.8125,1.875,11.125,2.0],"rotation":0,"texture":"#1","tintindex":0},"south":{"uv":[4.875,9.8125,4.9375,9.9375],"rotation":0,"texture":"#1","tintindex":0},"north":{"uv":[4.5625,9.6875,4.625,9.8125],"rotation":0,"texture":"#1","tintindex":0},"west":{"uv":[10.875,3.9375,11.1875,4.0625],"rotation":0,"texture":"#1","tintindex":0},"up":{"uv":[4.0625,7.625,4.0,7.3125],"rotation":0,"texture":"#1","tintindex":0},"down":{"uv":[4.0625,7.625,4.0,7.9375],"rotation":0,"texture":"#1","tintindex":0}}},{"from":[4.960857,3.662857,1.3382854],"to":[9.939143,15.429714,6.7691426],"rotation":{"angle":-22.5,"axis":"x","origin":[7.6762857,14.185143,3.1485715]},"faces":{"east":{"uv":[2.0,6.0,2.625,7.3125],"rotation":0,"texture":"#1","tintindex":0},"south":{"uv":[4.0625,6.75,4.625,8.0625],"rotation":0,"texture":"#1","tintindex":0},"north":{"uv":[0.0,6.75,0.5625,8.0625],"rotation":0,"texture":"#1","tintindex":0},"west":{"uv":[2.625,6.0,3.25,7.3125],"rotation":0,"texture":"#1","tintindex":0},"up":{"uv":[9.5625,8.5,9.0,7.875],"rotation":0,"texture":"#1","tintindex":0},"down":{"uv":[9.5625,8.5,9.0,9.125],"rotation":0,"texture":"#1","tintindex":0}}},{"from":[6.035714,3.662857,4.958857],"to":[8.864285,16.244343,9.439314],"rotation":{"angle":-22.5,"axis":"x","origin":[7.846,14.185143,3.1485715]},"faces":{"east":{"uv":[4.625,6.75,5.125,8.125],"rotation":0,"texture":"#1","tintindex":0},"south":{"uv":[3.4375,8.375,3.75,9.75],"rotation":0,"texture":"#1","tintindex":0},"north":{"uv":[6.3125,8.0625,6.625,9.4375],"rotation":0,"texture":"#1","tintindex":0},"west":{"uv":[3.25,7.0,3.75,8.375],"rotation":0,"texture":"#1","tintindex":0},"up":{"uv":[7.6875,11.4375,7.375,10.9375],"rotation":0,"texture":"#1","tintindex":0},"down":{"uv":[11.25,7.5625,10.9375,8.0625],"rotation":0,"texture":"#1","tintindex":0}}}],"display":{"head":{"translation":[0.0,-6.4,0.0],"scale":[4.0,4.0,4.0]}}}