{"textures":{"1":"modelengine:entity/horse"},"elements":[{"from":[4.153143,7.3485713,2.548571],"to":[8.678857,13.684572,7.0742855],"rotation":{"angle":-22.5,"axis":"x","origin":[8.226286,17.870857,2.548571]},"faces":{"east":{"uv":[9.0625,0.0,9.5625,0.6875],"rotation":0,"texture":"#1","tintindex":0},"south":{"uv":[9.0625,0.6875,9.5625,1.375],"rotation":0,"texture":"#1","tintindex":0},"north":{"uv":[1.0625,2.75,1.5625,3.4375],"rotation":0,"texture":"#1","tintindex":0},"west":{"uv":[2.8125,9.0625,3.3125,9.75],"rotation":0,"texture":"#1","tintindex":0},"up":{"uv":[8.5625,3.1875,8.0625,2.6875],"rotation":0,"texture":"#1","tintindex":0},"down":{"uv":[10.3125,5.875,9.8125,6.375],"rotation":0,"texture":"#1","tintindex":0}}},{"from":[7.3211427,7.3485713,2.548571],"to":[11.846857,13.684572,7.0742855],"rotation":{"angle":-22.5,"axis":"x","origin":[7.773714,17.870857,2.548571]},"faces":{"east":{"uv":[9.0,9.125,9.5,9.8125],"rotation":0,"texture":"#1","tintindex":0},"south":{"uv":[0.0,9.25,0.5,9.9375],"rotation":0,"texture":"#1","tintindex":0},"north":{"uv":[9.0625,4.875,9.5625,5.5625],"rotation":0,"texture":"#1","tintindex":0},"west":{"uv":[0.5,9.25,1.0,9.9375],"rotation":0,"texture":"#1","tintindex":0},"up":{"uv":[9.4375,10.3125,8.9375,9.8125],"rotation":0,"texture":"#1","tintindex":0},"down":{"uv":[7.375,9.875,6.875,10.375],"rotation":0,"texture":"#1","tintindex":0}}},{"from":[5.126171,3.4790854,3.871314],"to":[10.873829,11.738514,11.565029],"rotation":{"angle":0.0,"axis":"y","origin":[8.203657,16.603657,3.1369143]},"faces":{"east":{"uv":[2.875,1.3125,3.6875,2.1875],"rotation":0,"texture":"#1","tintindex":0},"south":{"uv":[7.875,1.125,8.5,2.0],"rotation":0,"texture":"#1","tintindex":0},"north":{"uv":[6.625,7.6875,7.25,8.5625],"rotation":0,"texture":"#1","tintindex":0},"west":{"uv":[6.8125,0.75,7.625,1.625],"rotation":0,"texture":"#1","tintindex":0},"up":{"uv":[8.625,5.75,8.0,4.9375],"rotation":0,"texture":"#1","tintindex":0},"down":{"uv":[8.625,5.75,8.0,6.5625],"rotation":0,"texture":"#1","tintindex":0}}},{"from":[5.2845716,-2.414629,-1.9545155],"to":[10.715428,11.738514,5.9654856],"rotation":{"angle":-45.0,"axis":"x","origin":[8.226286,16.603657,3.1369143]},"faces":{"east":{"uv":[3.6875,1.3125,4.5625,2.875],"rotation":0,"texture":"#1","tintindex":0},"south":{"uv":[5.1875,4.75,5.8125,6.3125],"rotation":0,"texture":"#1","tintindex":0},"north":{"uv":[0.0,5.1875,0.625,6.75],"rotation":0,"texture":"#1","tintindex":0},"west":{"uv":[3.6875,2.875,4.5625,4.4375],"rotation":0,"texture":"#1","tintindex":0},"up":{"uv":[2.1875,8.75,1.5625,7.875],"rotation":0,"texture":"#1","tintindex":0},"down":{"uv":[2.8125,7.875,2.1875,8.75],"rotation":0,"texture":"#1","tintindex":0}}},{"from":[7.3890285,12.939482,11.036904],"to":[8.610971,14.6402445,13.851899],"rotation":{"angle":-45.0,"axis":"x","origin":[8.708727,13.32704,11.464229]},"faces":{"east":{"uv":[11.875,5.5,12.1875,5.6875],"rotation":0,"texture":"#1","tintindex":0},"south":{"uv":[12.0625,9.5625,12.1875,9.75],"rotation":0,"texture":"#1","tintindex":0},"north":{"uv":[12.0625,9.375,12.1875,9.5625],"rotation":0,"texture":"#1","tintindex":0},"west":{"uv":[11.875,5.6875,12.1875,5.875],"rotation":0,"texture":"#1","tintindex":0},"up":{"uv":[8.1875,10.625,8.0625,10.3125],"rotation":0,"texture":"#1","tintindex":0},"down":{"uv":[10.6875,0.0,10.5625,0.3125],"rotation":0,"texture":"#1","tintindex":0}}},{"from":[7.5768456,14.75712,12.409785],"to":[8.423154,15.779026,14.849146],"rotation":{"angle":0.0,"axis":"y","origin":[8.765298,15.589897,11.9168005]},"faces":{"east":{"uv":[11.5625,6.75,11.8125,6.875],"rotation":0,"texture":"#1","tintindex":0},"south":{"uv":[9.875,9.0,9.9375,9.125],"rotation":0,"texture":"#1","tintindex":0},"north":{"uv":[4.9375,9.8125,5.0,9.9375],"rotation":0,"texture":"#1","tintindex":0},"west":{"uv":[11.875,1.6875,12.125,1.8125],"rotation":0,"texture":"#1","tintindex":0},"up":{"uv":[1.3125,9.75,1.25,9.5],"rotation":0,"texture":"#1","tintindex":0},"down":{"uv":[6.0,9.625,5.9375,9.875],"rotation":0,"texture":"#1","tintindex":0}}},{"from":[7.4342856,4.3842287,2.416914],"to":[10.715428,10.720228,8.888686],"rotation":{"angle":-22.5,"axis":"z","origin":[8.226286,17.395657,4.2272]},"faces":{"east":{"uv":[8.0625,2.0,8.75,2.6875],"rotation":0,"texture":"#1","tintindex":0},"south":{"uv":[4.125,9.6875,4.5,10.375],"rotation":0,"texture":"#1","tintindex":0},"north":{"uv":[7.8125,9.625,8.1875,10.3125],"rotation":0,"texture":"#1","tintindex":0},"west":{"uv":[3.75,8.0625,4.4375,8.75],"rotation":0,"texture":"#1","tintindex":0},"up":{"uv":[10.125,7.3125,9.75,6.625],"rotation":0,"texture":"#1","tintindex":0},"down":{"uv":[1.625,9.8125,1.25,10.5],"rotation":0,"texture":"#1","tintindex":0}}},{"from":[5.2845716,4.3842287,2.416914],"to":[8.565714,10.720228,8.888686],"rotation":{"angle":22.5,"axis":"z","origin":[7.773714,17.395657,4.2272]},"faces":{"east":{"uv":[5.625,8.0625,6.3125,8.75],"rotation":0,"texture":"#1","tintindex":0},"south":{"uv":[2.0,9.8125,2.375,10.5],"rotation":0,"texture":"#1","tintindex":0},"north":{"uv":[1.625,9.8125,2.0,10.5],"rotation":0,"texture":"#1","tintindex":0},"west":{"uv":[4.4375,8.125,5.125,8.8125],"rotation":0,"texture":"#1","tintindex":0},"up":{"uv":[2.75,10.5,2.375,9.8125],"rotation":0,"texture":"#1","tintindex":0},"down":{"uv":[4.875,9.8125,4.5,10.5],"rotation":0,"texture":"#1","tintindex":0}}}],"display":{"head":{"translation":[0.0,-6.4,0.0],"scale":[4.0,4.0,4.0]}}}