{"textures":{"0":"modelengine:entity/knight"},"elements":[{"from":[8.8,7.1142855,6.6285715],"to":[9.942858,8.942857,7.6571426],"rotation":{"angle":-45.0,"axis":"z","origin":[8.0,7.9142857,8.457143]},"faces":{"east":{"uv":[7.9375,8.5,8.0625,8.6875],"rotation":0,"texture":"#0","tintindex":0},"south":{"uv":[8.5,7.9375,8.625,8.125],"rotation":0,"texture":"#0","tintindex":0},"north":{"uv":[8.5,7.4375,8.625,7.625],"rotation":0,"texture":"#0","tintindex":0},"west":{"uv":[8.5,8.125,8.625,8.3125],"rotation":0,"texture":"#0","tintindex":0},"up":{"uv":[8.8125,6.6875,8.6875,6.5625],"rotation":0,"texture":"#0","tintindex":0},"down":{"uv":[6.8125,8.6875,6.6875,8.8125],"rotation":0,"texture":"#0","tintindex":0}}},{"from":[4.342857,3.3428574,6.6285715],"to":[5.485714,5.1714287,7.7714286],"rotation":{"angle":45.0,"axis":"z","origin":[2.514285,7.9142857,8.457143]},"faces":{"east":{"uv":[8.5625,0.6875,8.6875,0.875],"rotation":0,"texture":"#0","tintindex":0},"south":{"uv":[1.4375,8.5625,1.5625,8.75],"rotation":0,"texture":"#0","tintindex":0},"north":{"uv":[8.5625,0.5,8.6875,0.6875],"rotation":0,"texture":"#0","tintindex":0},"west":{"uv":[1.5625,8.5625,1.6875,8.75],"rotation":0,"texture":"#0","tintindex":0},"up":{"uv":[8.8125,6.8125,8.6875,6.6875],"rotation":0,"texture":"#0","tintindex":0},"down":{"uv":[6.9375,8.6875,6.8125,8.8125],"rotation":0,"texture":"#0","tintindex":0}}},{"from":[7.0857143,6.7714286,6.0571427],"to":[8.571428,9.971429,7.2],"rotation":{"angle":0.0,"axis":"y","origin":[5.2571425,23.0,8.457143]},"faces":{"east":{"uv":[0.625,7.75,0.75,8.125],"rotation":0,"texture":"#0","tintindex":0},"south":{"uv":[7.3125,5.375,7.5,5.75],"rotation":0,"texture":"#0","tintindex":0},"north":{"uv":[7.3125,5.0,7.5,5.375],"rotation":0,"texture":"#0","tintindex":0},"west":{"uv":[0.9375,7.75,1.0625,8.125],"rotation":0,"texture":"#0","tintindex":0},"up":{"uv":[8.6875,6.5625,8.5,6.4375],"rotation":0,"texture":"#0","tintindex":0},"down":{"uv":[8.6875,6.9375,8.5,7.0625],"rotation":0,"texture":"#0","tintindex":0}}},{"from":[6.9714284,1.742857,6.5142856],"to":[7.6571426,6.428571,7.2],"rotation":{"angle":0.0,"axis":"y","origin":[5.2571425,23.0,8.457143]},"faces":{"east":{"uv":[4.4375,8.25,4.5,8.75],"rotation":0,"texture":"#0","tintindex":0},"south":{"uv":[4.5,8.25,4.5625,8.75],"rotation":0,"texture":"#0","tintindex":0},"north":{"uv":[4.375,8.25,4.4375,8.75],"rotation":0,"texture":"#0","tintindex":0},"west":{"uv":[4.5625,8.25,4.625,8.75],"rotation":0,"texture":"#0","tintindex":0},"up":{"uv":[8.9375,0.6875,8.875,0.625],"rotation":0,"texture":"#0","tintindex":0},"down":{"uv":[8.9375,0.875,8.875,0.9375],"rotation":0,"texture":"#0","tintindex":0}}},{"from":[8.114285,1.742857,6.5142856],"to":[8.8,6.428571,7.2],"rotation":{"angle":0.0,"axis":"y","origin":[5.2571425,23.0,8.457143]},"faces":{"east":{"uv":[5.0,8.25,5.0625,8.75],"rotation":0,"texture":"#0","tintindex":0},"south":{"uv":[5.375,8.25,5.4375,8.75],"rotation":0,"texture":"#0","tintindex":0},"north":{"uv":[4.9375,8.25,5.0,8.75],"rotation":0,"texture":"#0","tintindex":0},"west":{"uv":[5.4375,8.25,5.5,8.75],"rotation":0,"texture":"#0","tintindex":0},"up":{"uv":[1.0,8.9375,0.9375,8.875],"rotation":0,"texture":"#0","tintindex":0},"down":{"uv":[8.9375,0.9375,8.875,1.0],"rotation":0,"texture":"#0","tintindex":0}}},{"from":[6.5142856,0.5999999,7.2],"to":[9.028571,8.828571,10.057143],"rotation":{"angle":0.0,"axis":"y","origin":[5.2571425,6.0857143,8.457143]},"faces":{"east":{"uv":[2.0,4.625,2.3125,5.5],"rotation":0,"texture":"#0","tintindex":0},"south":{"uv":[2.875,4.875,3.125,5.75],"rotation":0,"texture":"#0","tintindex":0},"north":{"uv":[2.625,4.875,2.875,5.75],"rotation":0,"texture":"#0","tintindex":0},"west":{"uv":[2.3125,4.625,2.625,5.5],"rotation":0,"texture":"#0","tintindex":0},"up":{"uv":[3.375,7.375,3.125,7.0625],"rotation":0,"texture":"#0","tintindex":0},"down":{"uv":[3.625,7.0625,3.375,7.375],"rotation":0,"texture":"#0","tintindex":0}}},{"from":[6.857143,3.4571428,10.285714],"to":[8.8,6.542857,11.2],"rotation":{"angle":22.5,"axis":"x","origin":[5.2571425,6.0857143,8.457143]},"faces":{"east":{"uv":[0.25,8.0625,0.375,8.375],"rotation":0,"texture":"#0","tintindex":0},"south":{"uv":[7.5,7.5,7.6875,7.8125],"rotation":0,"texture":"#0","tintindex":0},"north":{"uv":[7.3125,7.5,7.5,7.8125],"rotation":0,"texture":"#0","tintindex":0},"west":{"uv":[0.375,8.0625,0.5,8.375],"rotation":0,"texture":"#0","tintindex":0},"up":{"uv":[8.75,2.0625,8.5625,1.9375],"rotation":0,"texture":"#0","tintindex":0},"down":{"uv":[8.75,2.0625,8.5625,2.1875],"rotation":0,"texture":"#0","tintindex":0}}},{"from":[6.9714284,5.0571427,9.942858],"to":[8.685715,8.028571,10.971429],"rotation":{"angle":0.0,"axis":"y","origin":[5.2571425,6.0857143,8.457143]},"faces":{"east":{"uv":[8.0625,0.375,8.1875,0.6875],"rotation":0,"texture":"#0","tintindex":0},"south":{"uv":[7.5625,2.5,7.75,2.8125],"rotation":0,"texture":"#0","tintindex":0},"north":{"uv":[1.75,7.5625,1.9375,7.875],"rotation":0,"texture":"#0","tintindex":0},"west":{"uv":[0.5,8.0625,0.625,8.375],"rotation":0,"texture":"#0","tintindex":0},"up":{"uv":[2.4375,8.6875,2.25,8.5625],"rotation":0,"texture":"#0","tintindex":0},"down":{"uv":[2.875,8.5625,2.6875,8.6875],"rotation":0,"texture":"#0","tintindex":0}}},{"from":[9.028571,1.8571424,7.542857],"to":[9.485714,7.9142857,9.3714285],"rotation":{"angle":0.0,"axis":"y","origin":[5.2571425,23.0,8.457143]},"faces":{"east":{"uv":[2.625,5.75,2.8125,6.4375],"rotation":0,"texture":"#0","tintindex":0},"south":{"uv":[1.8125,7.875,1.875,8.5625],"rotation":0,"texture":"#0","tintindex":0},"north":{"uv":[4.75,7.8125,4.8125,8.5],"rotation":0,"texture":"#0","tintindex":0},"west":{"uv":[2.8125,5.75,3.0,6.4375],"rotation":0,"texture":"#0","tintindex":0},"up":{"uv":[8.5625,8.9375,8.5,8.75],"rotation":0,"texture":"#0","tintindex":0},"down":{"uv":[0.0625,8.8125,0.0,9.0],"rotation":0,"texture":"#0","tintindex":0}}},{"from":[6.857143,-1.8000002,6.5142856],"to":[8.8,0.7142854,10.4],"rotation":{"angle":0.0,"axis":"y","origin":[8.0,-0.54285717,8.457143]},"faces":{"east":{"uv":[6.1875,0.6875,6.625,0.9375],"rotation":0,"texture":"#0","tintindex":0},"south":{"uv":[7.75,2.75,7.9375,3.0],"rotation":0,"texture":"#0","tintindex":0},"north":{"uv":[7.75,2.5,7.9375,2.75],"rotation":0,"texture":"#0","tintindex":0},"west":{"uv":[6.3125,1.9375,6.75,2.1875],"rotation":0,"texture":"#0","tintindex":0},"up":{"uv":[6.25,7.375,6.0625,6.9375],"rotation":0,"texture":"#0","tintindex":0},"down":{"uv":[6.4375,6.9375,6.25,7.375],"rotation":0,"texture":"#0","tintindex":0}}},{"from":[8.8,-1.8000002,7.3142858],"to":[9.485714,1.5142851,8.342857],"rotation":{"angle":22.5,"axis":"x","origin":[8.0,-0.54285717,8.457143]},"faces":{"east":{"uv":[7.75,3.0,7.875,3.375],"rotation":0,"texture":"#0","tintindex":0},"south":{"uv":[0.75,8.4375,0.8125,8.8125],"rotation":0,"texture":"#0","tintindex":0},"north":{"uv":[4.3125,8.375,4.375,8.75],"rotation":0,"texture":"#0","tintindex":0},"west":{"uv":[7.75,3.9375,7.875,4.3125],"rotation":0,"texture":"#0","tintindex":0},"up":{"uv":[8.875,5.9375,8.8125,5.8125],"rotation":0,"texture":"#0","tintindex":0},"down":{"uv":[5.9375,8.8125,5.875,8.9375],"rotation":0,"texture":"#0","tintindex":0}}},{"from":[6.285714,-1.8000002,7.3142858],"to":[6.9714284,0.7142854,8.342857],"rotation":{"angle":22.5,"axis":"x","origin":[8.0,-0.54285717,8.457143]},"faces":{"east":{"uv":[6.875,8.25,7.0,8.5],"rotation":0,"texture":"#0","tintindex":0},"south":{"uv":[2.375,8.6875,2.4375,8.9375],"rotation":0,"texture":"#0","tintindex":0},"north":{"uv":[4.125,8.625,4.1875,8.875],"rotation":0,"texture":"#0","tintindex":0},"west":{"uv":[7.0,8.25,7.125,8.5],"rotation":0,"texture":"#0","tintindex":0},"up":{"uv":[8.875,6.0625,8.8125,5.9375],"rotation":0,"texture":"#0","tintindex":0},"down":{"uv":[8.875,6.0625,8.8125,6.1875],"rotation":0,"texture":"#0","tintindex":0}}},{"from":[8.8,-1.8000002,8.8],"to":[9.714286,1.0571427,9.828571],"rotation":{"angle":0.0,"axis":"y","origin":[8.0,-0.54285717,8.457143]},