{"textures":{"0":"modelengine:entity/knight"},"elements":[{"from":[8.457143,5.6285715,6.742857],"to":[9.828571,8.828571,9.828571],"rotation":{"angle":22.5,"axis":"z","origin":[8.914286,7.457143,8.0]},"faces":{"east":{"uv":[6.125,3.0625,6.4375,3.4375],"rotation":0,"texture":"#0","tintindex":0},"south":{"uv":[1.6875,7.875,1.8125,8.25],"rotation":0,"texture":"#0","tintindex":0},"north":{"uv":[7.5625,7.8125,7.6875,8.1875],"rotation":0,"texture":"#0","tintindex":0},"west":{"uv":[6.125,3.9375,6.4375,4.3125],"rotation":0,"texture":"#0","tintindex":0},"up":{"uv":[2.375,8.375,2.25,8.0625],"rotation":0,"texture":"#0","tintindex":0},"down":{"uv":[2.5,8.0625,2.375,8.375],"rotation":0,"texture":"#0","tintindex":0}}},{"from":[6.5142856,6.7714286,7.542857],"to":[8.457143,8.828571,9.828571],"rotation":{"angle":22.5,"axis":"z","origin":[8.914286,7.457143,8.0]},"faces":{"east":{"uv":[0.125,7.4375,0.375,7.6875],"rotation":0,"texture":"#0","tintindex":0},"south":{"uv":[7.875,3.875,8.0625,4.125],"rotation":0,"texture":"#0","tintindex":0},"north":{"uv":[7.875,3.125,8.0625,3.375],"rotation":0,"texture":"#0","tintindex":0},"west":{"uv":[0.375,7.4375,0.625,7.6875],"rotation":0,"texture":"#0","tintindex":0},"up":{"uv":[5.75,8.125,5.5625,7.875],"rotation":0,"texture":"#0","tintindex":0},"down":{"uv":[6.0625,7.875,5.875,8.125],"rotation":0,"texture":"#0","tintindex":0}}},{"from":[6.0571427,7.8,6.9714284],"to":[8.228572,9.057143,8.228572],"rotation":{"angle":45.0,"axis":"z","origin":[8.914286,7.457143,8.0]},"faces":{"east":{"uv":[8.75,3.6875,8.875,3.8125],"rotation":0,"texture":"#0","tintindex":0},"south":{"uv":[6.4375,8.3125,6.6875,8.4375],"rotation":0,"texture":"#0","tintindex":0},"north":{"uv":[8.3125,6.3125,8.5625,6.4375],"rotation":0,"texture":"#0","tintindex":0},"west":{"uv":[8.75,3.8125,8.875,3.9375],"rotation":0,"texture":"#0","tintindex":0},"up":{"uv":[8.5625,6.6875,8.3125,6.5625],"rotation":0,"texture":"#0","tintindex":0},"down":{"uv":[8.5625,6.6875,8.3125,6.8125],"rotation":0,"texture":"#0","tintindex":0}}},{"from":[5.2504144,6.2784333,7.2],"to":[7.421843,7.5355763,8.457143],"rotation":{"angle":-45.0,"axis":"z","origin":[5.2571425,5.6285715,8.0]},"faces":{"east":{"uv":[4.1875,8.75,4.3125,8.875],"rotation":0,"texture":"#0","tintindex":0},"south":{"uv":[8.3125,7.3125,8.5625,7.4375],"rotation":0,"texture":"#0","tintindex":0},"north":{"uv":[8.3125,7.0625,8.5625,7.1875],"rotation":0,"texture":"#0","tintindex":0},"west":{"uv":[4.3125,8.75,4.4375,8.875],"rotation":0,"texture":"#0","tintindex":0},"up":{"uv":[7.75,8.4375,7.5,8.3125],"rotation":0,"texture":"#0","tintindex":0},"down":{"uv":[8.5625,7.6875,8.3125,7.8125],"rotation":0,"texture":"#0","tintindex":0}}},{"from":[7.421843,7.192719,6.5142856],"to":[8.5647,9.021291,7.7714286],"rotation":{"angle":-45.0,"axis":"z","origin":[5.2571425,5.6285715,7.0857143]},"faces":{"east":{"uv":[2.125,8.625,2.25,8.8125],"rotation":0,"texture":"#0","tintindex":0},"south":{"uv":[8.625,2.8125,8.75,3.0],"rotation":0,"texture":"#0","tintindex":0},"north":{"uv":[1.3125,8.625,1.4375,8.8125],"rotation":0,"texture":"#0","tintindex":0},"west":{"uv":[8.625,3.0,8.75,3.1875],"rotation":0,"texture":"#0","tintindex":0},"up":{"uv":[4.5625,8.875,4.4375,8.75],"rotation":0,"texture":"#0","tintindex":0},"down":{"uv":[8.875,4.5,8.75,4.625],"rotation":0,"texture":"#0","tintindex":0}}},{"from":[6.416244,4.1658297,6.6285715],"to":[8.587672,5.3086867,7.885714],"rotation":{"angle":-22.5,"axis":"z","origin":[7.542857,4.714286,7.0857143]},"faces":{"east":{"uv":[8.75,4.625,8.875,4.75],"rotation":0,"texture":"#0","tintindex":0},"south":{"uv":[8.0625,8.3125,8.3125,8.4375],"rotation":0,"texture":"#0","tintindex":0},"north":{"uv":[8.3125,7.8125,8.5625,7.9375],"rotation":0,"texture":"#0","tintindex":0},"west":{"uv":[8.75,4.75,8.875,4.875],"rotation":0,"texture":"#0","tintindex":0},"up":{"uv":[8.5625,8.4375,8.3125,8.3125],"rotation":0,"texture":"#0","tintindex":0},"down":{"uv":[0.25,8.375,0.0,8.5],"rotation":0,"texture":"#0","tintindex":0}}},{"from":[7.421843,7.192719,9.142858],"to":[8.5647,9.021291,10.4],"rotation":{"angle":-45.0,"axis":"z","origin":[5.2571425,5.6285715,9.714286]},"faces":{"east":{"uv":[4.0,8.625,4.125,8.8125],"rotation":0,"texture":"#0","tintindex":0},"south":{"uv":[8.625,4.5625,8.75,4.75],"rotation":0,"texture":"#0","tintindex":0},"north":{"uv":[8.625,3.8125,8.75,4.0],"rotation":0,"texture":"#0","tintindex":0},"west":{"uv":[4.625,8.625,4.75,8.8125],"rotation":0,"texture":"#0","tintindex":0},"up":{"uv":[4.9375,8.875,4.8125,8.75],"rotation":0,"texture":"#0","tintindex":0},"down":{"uv":[8.875,4.875,8.75,5.0],"rotation":0,"texture":"#0","tintindex":0}}},{"from":[6.53053,4.394401,8.914286],"to":[8.701959,5.537258,10.171429],"rotation":{"angle":-45.0,"axis":"z","origin":[7.542857,4.714286,9.714286]},"faces":{"east":{"uv":[4.9375,8.75,5.0625,8.875],"rotation":0,"texture":"#0","tintindex":0},"south":{"uv":[8.375,0.125,8.625,0.25],"rotation":0,"texture":"#0","tintindex":0},"north":{"uv":[8.375,0.0,8.625,0.125],"rotation":0,"texture":"#0","tintindex":0},"west":{"uv":[8.75,5.0,8.875,5.125],"rotation":0,"texture":"#0","tintindex":0},"up":{"uv":[0.5,8.5,0.25,8.375],"rotation":0,"texture":"#0","tintindex":0},"down":{"uv":[8.625,0.375,8.375,0.5],"rotation":0,"texture":"#0","tintindex":0}}}],"display":{"head":{"translation":[0.0,-6.4,0.0],"scale":[4.0,4.0,4.0]}}}