{"textures":{"0":"modelengine:entity/knight"},"elements":[{"from":[8.571428,6.428571,7.0857143],"to":[10.171429,8.142858,8.8],"rotation":{"angle":22.5,"axis":"z","origin":[9.942858,7.5714283,8.114285]},"faces":{"east":{"uv":[8.1875,1.25,8.375,1.4375],"rotation":0,"texture":"#0","tintindex":0},"south":{"uv":[8.1875,1.4375,8.375,1.625],"rotation":0,"texture":"#0","tintindex":0},"north":{"uv":[8.1875,0.75,8.375,0.9375],"rotation":0,"texture":"#0","tintindex":0},"west":{"uv":[8.1875,1.625,8.375,1.8125],"rotation":0,"texture":"#0","tintindex":0},"up":{"uv":[8.375,2.0,8.1875,1.8125],"rotation":0,"texture":"#0","tintindex":0},"down":{"uv":[2.125,8.1875,1.9375,8.375],"rotation":0,"texture":"#0","tintindex":0}}},{"from":[9.714286,6.6571426,7.3142858],"to":[11.657143,7.9142857,8.457143],"rotation":{"angle":45.0,"axis":"z","origin":[9.942858,7.5714283,8.114285]},"faces":{"east":{"uv":[8.75,3.0625,8.875,3.1875],"rotation":0,"texture":"#0","tintindex":0},"south":{"uv":[8.625,1.0625,8.8125,1.1875],"rotation":0,"texture":"#0","tintindex":0},"north":{"uv":[8.625,0.375,8.8125,0.5],"rotation":0,"texture":"#0","tintindex":0},"west":{"uv":[8.75,3.3125,8.875,3.4375],"rotation":0,"texture":"#0","tintindex":0},"up":{"uv":[8.8125,1.3125,8.625,1.1875],"rotation":0,"texture":"#0","tintindex":0},"down":{"uv":[8.8125,1.3125,8.625,1.4375],"rotation":0,"texture":"#0","tintindex":0}}},{"from":[11.542857,7.457143,7.542857],"to":[12.571428,8.257143,8.228572],"rotation":{"angle":22.5,"axis":"z","origin":[9.942858,7.5714283,8.114285]},"faces":{"east":{"uv":[2.0625,8.875,2.125,8.9375],"rotation":0,"texture":"#0","tintindex":0},"south":{"uv":[8.8125,8.0625,8.9375,8.125],"rotation":0,"texture":"#0","tintindex":0},"north":{"uv":[8.8125,8.0,8.9375,8.0625],"rotation":0,"texture":"#0","tintindex":0},"west":{"uv":[8.875,2.0625,8.9375,2.125],"rotation":0,"texture":"#0","tintindex":0},"up":{"uv":[8.9375,8.1875,8.8125,8.125],"rotation":0,"texture":"#0","tintindex":0},"down":{"uv":[8.9375,8.1875,8.8125,8.25],"rotation":0,"texture":"#0","tintindex":0}}},{"from":[8.685715,3.228571,7.3142858],"to":[10.6285715,4.485714,8.457143],"rotation":{"angle":45.0,"axis":"z","origin":[8.914286,4.142857,8.114285]},"faces":{"east":{"uv":[8.75,3.4375,8.875,3.5625],"rotation":0,"texture":"#0","tintindex":0},"south":{"uv":[8.625,1.5625,8.8125,1.6875],"rotation":0,"texture":"#0","tintindex":0},"north":{"uv":[8.625,1.4375,8.8125,1.5625],"rotation":0,"texture":"#0","tintindex":0},"west":{"uv":[8.75,3.5625,8.875,3.6875],"rotation":0,"texture":"#0","tintindex":0},"up":{"uv":[8.8125,1.8125,8.625,1.6875],"rotation":0,"texture":"#0","tintindex":0},"down":{"uv":[8.8125,2.1875,8.625,2.3125],"rotation":0,"texture":"#0","tintindex":0}}},{"from":[10.514286,4.028571,7.542857],"to":[11.542857,4.8285713,8.228572],"rotation":{"angle":22.5,"axis":"z","origin":[8.914286,4.142857,8.114285]},"faces":{"east":{"uv":[2.125,8.875,2.1875,8.9375],"rotation":0,"texture":"#0","tintindex":0},"south":{"uv":[8.8125,8.3125,8.9375,8.375],"rotation":0,"texture":"#0","tintindex":0},"north":{"uv":[8.8125,8.25,8.9375,8.3125],"rotation":0,"texture":"#0","tintindex":0},"west":{"uv":[8.875,2.125,8.9375,2.1875],"rotation":0,"texture":"#0","tintindex":0},"up":{"uv":[8.9375,8.4375,8.8125,8.375],"rotation":0,"texture":"#0","tintindex":0},"down":{"uv":[8.9375,8.4375,8.8125,8.5],"rotation":0,"texture":"#0","tintindex":0}}},{"from":[7.0857143,4.028571,7.0857143],"to":[8.8,8.6,8.8],"rotation":{"angle":22.5,"axis":"z","origin":[7.2,5.3999996,7.2]},"faces":{"east":{"uv":[6.75,6.0625,6.9375,6.5625],"rotation":0,"texture":"#0","tintindex":0},"south":{"uv":[6.8125,0.875,7.0,1.375],"rotation":0,"texture":"#0","tintindex":0},"north":{"uv":[5.25,6.75,5.4375,7.25],"rotation":0,"texture":"#0","tintindex":0},"west":{"uv":[6.8125,1.9375,7.0,2.4375],"rotation":0,"texture":"#0","tintindex":0},"up":{"uv":[8.375,2.1875,8.1875,2.0],"rotation":0,"texture":"#0","tintindex":0},"down":{"uv":[8.375,3.625,8.1875,3.8125],"rotation":0,"texture":"#0","tintindex":0}}},{"from":[6.6285715,1.9714284,6.9714284],"to":[8.342857,6.542857,8.914286],"rotation":{"angle":0.0,"axis":"y","origin":[7.2,5.3999996,7.2]},"faces":{"east":{"uv":[6.8125,5.0625,7.0,5.5625],"rotation":0,"texture":"#0","tintindex":0},"south":{"uv":[6.8125,5.5625,7.0,6.0625],"rotation":0,"texture":"#0","tintindex":0},"north":{"uv":[4.9375,6.8125,5.125,7.3125],"rotation":0,"texture":"#0","tintindex":0},"west":{"uv":[6.875,2.6875,7.0625,3.1875],"rotation":0,"texture":"#0","tintindex":0},"up":{"uv":[8.375,4.8125,8.1875,4.625],"rotation":0,"texture":"#0","tintindex":0},"down":{"uv":[7.5,8.1875,7.3125,8.375],"rotation":0,"texture":"#0","tintindex":0}}},{"from":[7.7714286,3.1142855,6.6285715],"to":[9.257143,8.714286,9.3714285],"rotation":{"angle":0.0,"axis":"y","origin":[9.028571,5.8571424,7.2]},"faces":{"east":{"uv":[3.4375,5.0,3.75,5.625],"rotation":0,"texture":"#0","tintindex":0},"south":{"uv":[0.375,6.125,0.5625,6.75],"rotation":0,"texture":"#0","tintindex":0},"north":{"uv":[0.1875,6.125,0.375,6.75],"rotation":0,"texture":"#0","tintindex":0},"west":{"uv":[5.0,4.1875,5.3125,4.8125],"rotation":0,"texture":"#0","tintindex":0},"up":{"uv":[6.0625,7.875,5.875,7.5625],"rotation":0,"texture":"#0","tintindex":0},"down":{"uv":[7.75,6.25,7.5625,6.5625],"rotation":0,"texture":"#0","tintindex":0}}},{"from":[7.7714286,2.7714286,6.285714],"to":[9.257143,8.714286,7.3142858],"rotation":{"angle":-22.5,"axis":"z","origin":[9.028571,5.8571424,7.2]},"faces":{"east":{"uv":[7.0,7.0625,7.125,7.6875],"rotation":0,"texture":"#0","tintindex":0},"south":{"uv":[0.75,6.125,0.9375,6.75],"rotation":0,"texture":"#0","tintindex":0},"north":{"uv":[0.5625,6.125,0.75,6.75],"rotation":0,"texture":"#0","tintindex":0},"west":{"uv":[0.9375,7.125,1.0625,7.75],"rotation":0,"texture":"#0","tintindex":0},"up":{"uv":[8.8125,2.4375,8.625,2.3125],"rotation":0,"texture":"#0","tintindex":0},"down":{"uv":[8.8125,2.4375,8.625,2.5625],"rotation":0,"texture":"#0","tintindex":0}}},{"from":[9.142858,4.142857,7.2],"to":[9.828571,8.485714,8.571428],"rotation":{"angle":0.0,"axis":"y","origin":[1.7142854,12.257143,7.2]},"faces":{"east":{"uv":[4.6875,7.3125,4.8125,7.8125],"rotation":0,"texture":"#0","tintindex":0},"south":{"uv":[6.1875,8.3125,6.25,8.8125],"rotation":0,"texture":"#0","tintindex":0},"north":{"uv":[0.8125,8.3125,0.875,8.8125],"rotation":0,"texture":"#0","tintindex":0},"west":{"uv":[6.3125,7.375,6.4375,7.875],"rotation":0,"texture":"#0","tintindex":0},"up":{"uv":[8.875,8.625,8.8125,8.5],"rotation":0,"texture":"#0","tintindex":0},"down":{"uv":[8.625,8.8125,8.5625,8.9375],"rotation":0,"texture":"#0","tintindex":0}}}],"display":{"head":{"translation":[0.0,-6.4,0.0],"scale":[4.0,4.0,4.0]}}}